isic_id,source_collection,label,color_cast_present,p_orig,p_noH,p_noS,p_noV,p_noHSV,dP_H,dP_S,dP_V,dP_HSV
ISIC_0034677,212,0,0,0.18114499747753143,0.08063167333602905,0.9320310950279236,0.20194914937019348,0.10228164494037628,-0.10051332414150238,0.7508860975503922,0.02080415189266205,-0.07886335253715515
ISIC_0031760,212,0,1,0.47917401790618896,0.06752713769674301,0.8327207565307617,0.4895676076412201,0.29750755429267883,-0.41164688020944595,0.35354673862457275,0.010393589735031128,-0.18166646361351013
ISIC_0026538,212,0,1,0.8293901681900024,0.26917675137519836,0.8033031225204468,0.8752328753471375,0.36027222871780396,-0.5602134168148041,-0.026087045669555664,0.04584270715713501,-0.4691179394721985
ISIC_0034250,212,0,1,0.5858532190322876,0.3422178328037262,0.5866991281509399,0.5932437181472778,0.29069894552230835,-0.2436353862285614,0.0008459091186523438,0.007390499114990234,-0.29515427350997925
ISIC_0027893,212,0,1,0.8078850507736206,0.7777921557426453,0.8104041814804077,0.8207855224609375,0.7160661816596985,-0.030092895030975342,0.0025191307067871094,0.012900471687316895,-0.09181886911392212
ISIC_0025315,212,0,0,0.16317646205425262,0.9153510332107544,0.9138392806053162,0.12983915209770203,0.919964611530304,0.7521745711565018,0.7506628185510635,-0.0333373099565506,0.7567881494760513
ISIC_0031136,212,0,1,0.07381723821163177,0.3570818603038788,0.6493990421295166,0.13758796453475952,0.4877181649208069,0.283264622092247,0.5755818039178848,0.06377072632312775,0.4139009267091751
ISIC_0027766,212,0,0,0.7005938291549683,0.3208949863910675,0.7384534478187561,0.7851034998893738,0.4185059070587158,-0.37969884276390076,0.03785961866378784,0.08450967073440552,-0.28208792209625244
ISIC_0033793,212,0,1,0.7729713320732117,0.7180865406990051,0.786585807800293,0.7848597764968872,0.7213848829269409,-0.05488479137420654,0.013614475727081299,0.011888444423675537,-0.05158644914627075
ISIC_0031260,212,0,0,0.049488674849271774,0.031792908906936646,0.6197009682655334,0.04616246744990349,0.5397504568099976,-0.01769576594233513,0.5702122934162617,-0.003326207399368286,0.4902617819607258
ISIC_0026208,212,0,1,0.023547707125544548,0.04900018870830536,0.24130505323410034,0.05070384591817856,0.03962065279483795,0.02545248158276081,0.2177573461085558,0.02715613879263401,0.016072945669293404
ISIC_0029629,212,0,0,0.05464814230799675,0.070844866335392,0.2631373405456543,0.06856317073106766,0.06699606776237488,0.01619672402739525,0.20848919823765755,0.013915028423070908,0.012347925454378128
ISIC_0033556,212,0,1,0.854710578918457,0.809941291809082,0.8127995133399963,0.8432219624519348,0.64753657579422,-0.044769287109375,-0.04191106557846069,-0.011488616466522217,-0.20717400312423706
ISIC_0024851,212,0,0,0.8750145435333252,0.15028509497642517,0.8987042307853699,0.8726011514663696,0.22053731977939606,-0.7247294485569,0.023689687252044678,-0.0024133920669555664,-0.6544772237539291
ISIC_0027481,212,0,1,0.06088215485215187,0.04059510678052902,0.16206297278404236,0.3251588046550751,0.06379659473896027,-0.02028704807162285,0.10118081793189049,0.2642766498029232,0.0029144398868083954
ISIC_0028138,212,0,0,0.04840603098273277,0.09267011284828186,0.6291685700416565,0.05527840927243233,0.22085325419902802,0.04426408186554909,0.5807625390589237,0.0068723782896995544,0.17244722321629524
ISIC_0031456,212,0,0,0.0214590635150671,0.01724575087428093,0.2789408564567566,0.03891437128186226,0.026362087577581406,-0.004213312640786171,0.2574817929416895,0.01745530776679516,0.004903024062514305
ISIC_0025135,212,0,1,0.0323789082467556,0.10604178160429001,0.5081879496574402,0.12221592664718628,0.07365059852600098,0.07366287335753441,0.4758090414106846,0.08983701840043068,0.04127169027924538
ISIC_0033088,212,0,1,0.8000357747077942,0.43022671341896057,0.8257250785827637,0.8226785659790039,0.4022026062011719,-0.3698090612888336,0.025689303874969482,0.022642791271209717,-0.3978331685066223
ISIC_0026205,212,0,0,0.3944965898990631,0.2179068922996521,0.8848558664321899,0.41691863536834717,0.7207245230674744,-0.176589697599411,0.49035927653312683,0.022422045469284058,0.32622793316841125
ISIC_0025070,212,0,0,0.14153458178043365,0.07353010773658752,0.7148853540420532,0.13588424026966095,0.6642703413963318,-0.06800447404384613,0.5733507722616196,-0.005650341510772705,0.5227357596158981
ISIC_0027310,212,0,0,0.7907570600509644,0.7563126087188721,0.7699028253555298,0.7736037373542786,0.7652990221977234,-0.034444451332092285,-0.02085423469543457,-0.01715332269668579,-0.025458037853240967
ISIC_0029752,212,0,0,0.40182095766067505,0.07693885266780853,0.44560790061950684,0.4376026391983032,0.04728108271956444,-0.3248821049928665,0.04378694295883179,0.035781681537628174,-0.3545398749411106
ISIC_0025883,212,0,1,0.7560703158378601,0.4423154890537262,0.7408380508422852,0.7602552771568298,0.40837377309799194,-0.3137548267841339,-0.015232264995574951,0.0041849613189697266,-0.34769654273986816
ISIC_0031422,212,0,0,0.6114753484725952,0.5015100240707397,0.7764464616775513,0.6008200645446777,0.5559976696968079,-0.10996532440185547,0.16497111320495605,-0.01065528392791748,-0.055477678775787354
ISIC_0032304,212,0,1,0.8094251751899719,0.5950246453285217,0.7820760607719421,0.8211230039596558,0.5462993383407593,-0.2144005298614502,-0.027349114418029785,0.011697828769683838,-0.26312583684921265
ISIC_0028986,212,0,1,0.02284541353583336,0.06340110301971436,0.1282990425825119,0.06683696061372757,0.07071498781442642,0.040555689483881,0.10545362904667854,0.04399154707789421,0.04786957427859306
ISIC_0031327,212,0,0,0.1270214170217514,0.06026453897356987,0.6834567785263062,0.1424439251422882,0.1059241071343422,-0.06675687804818153,0.5564353615045547,0.015422508120536804,-0.02109730988740921
ISIC_0035508,212,0,0,0.2375650405883789,0.12282495200634003,0.7560690641403198,0.2557595670223236,0.221468985080719,-0.11474008858203888,0.5185040235519409,0.018194526433944702,-0.016096055507659912
ISIC_0027637,212,0,0,0.023447692394256592,0.028028277680277824,0.6305344104766846,0.028042402118444443,0.028114188462495804,0.004580585286021233,0.607086718082428,0.004594709724187851,0.004666496068239212
ISIC_0032210,212,0,1,0.02206380106508732,0.03270653262734413,0.30612272024154663,0.030818695202469826,0.021307772025465965,0.010642731562256813,0.2840589191764593,0.008754894137382507,-0.0007560290396213531
ISIC_0030790,212,0,0,0.8767971992492676,0.24824483692646027,0.8803626894950867,0.8357141613960266,0.27086156606674194,-0.6285523623228073,0.003565490245819092,-0.04108303785324097,-0.6059356331825256
ISIC_0032089,212,0,0,0.2091340571641922,0.29146504402160645,0.5010629296302795,0.22569222748279572,0.22493042051792145,0.08233098685741425,0.29192887246608734,0.016558170318603516,0.015796363353729248
ISIC_0033214,212,0,0,0.7825525403022766,0.8382095694541931,0.8133497834205627,0.7841855883598328,0.8802856206893921,0.055657029151916504,0.030797243118286133,0.0016330480575561523,0.09773308038711548
ISIC_0026155,212,0,1,0.04604561626911163,0.02460838109254837,0.29108038544654846,0.07977362722158432,0.048635393381118774,-0.021437235176563263,0.24503476917743683,0.03372801095247269,0.002589777112007141
ISIC_0026824,212,0,0,0.4733710289001465,0.06626234203577042,0.5552820563316345,0.5681467056274414,0.06869003921747208,-0.40710868686437607,0.08191102743148804,0.09477567672729492,-0.4046809896826744
ISIC_0025142,212,0,0,0.045240432024002075,0.04082142561674118,0.600735068321228,0.06581879407167435,0.04549577087163925,-0.004419006407260895,0.555494636297226,0.02057836204767227,0.0002553388476371765
ISIC_0030411,212,0,1,0.2791420817375183,0.4254888594150543,0.5109773278236389,0.34173935651779175,0.24370242655277252,0.146346777677536,0.2318352460861206,0.06259727478027344,-0.03543965518474579
ISIC_0032753,212,0,1,0.5928995013237,0.20545947551727295,0.5615571141242981,0.5991628170013428,0.20930349826812744,-0.387440025806427,-0.031342387199401855,0.006263315677642822,-0.3835960030555725
ISIC_0035488,212,0,0,0.6034958362579346,0.4090122878551483,0.6876807808876038,0.5432805418968201,0.43279027938842773,-0.19448354840278625,0.08418494462966919,-0.0602152943611145,-0.17070555686950684
ISIC_0029733,212,0,0,0.6278108954429626,0.19211535155773163,0.4286980926990509,0.6288825869560242,0.09593387693166733,-0.435695543885231,-0.19911280274391174,0.0010716915130615234,-0.5318770185112953
ISIC_0026785,212,0,1,0.06005217134952545,0.18970975279808044,0.24037092924118042,0.1535402089357376,0.1306125670671463,0.129657581448555,0.18031875789165497,0.09348803758621216,0.07056039571762085
ISIC_0029229,212,0,0,0.043386898934841156,0.023779693990945816,0.504981517791748,0.04432016611099243,0.03619039058685303,-0.01960720494389534,0.4615946188569069,0.0009332671761512756,-0.007196508347988129
ISIC_0029355,212,0,1,0.8157722353935242,0.5260276794433594,0.5942167043685913,0.8345551490783691,0.4072384536266327,-0.2897445559501648,-0.22155553102493286,0.01878291368484497,-0.4085337817668915
ISIC_0027918,212,0,0,0.14358727633953094,0.19015075266361237,0.3725776672363281,0.1952884942293167,0.20632976293563843,0.04656347632408142,0.22899039089679718,0.05170121788978577,0.06274248659610748
ISIC_0030338,212,0,0,0.03867403790354729,0.10494709759950638,0.5399706959724426,0.05632837861776352,0.0653403103351593,0.06627305969595909,0.5012966580688953,0.017654340714216232,0.026666272431612015
ISIC_0032040,212,0,1,0.8174473643302917,0.5849522352218628,0.8081359267234802,0.8145150542259216,0.5604272484779358,-0.23249512910842896,-0.009311437606811523,-0.002932310104370117,-0.25702011585235596
ISIC_0031483,212,0,1,0.42450767755508423,0.052708979696035385,0.09705258905887604,0.5163168907165527,0.05244496464729309,-0.37179869785904884,-0.3274550884962082,0.0918092131614685,-0.37206271290779114
ISIC_0027226,212,0,0,0.8294678926467896,0.7411800622940063,0.8297359347343445,0.8205512762069702,0.8336488008499146,-0.0882878303527832,0.00026804208755493164,-0.008916616439819336,0.004180908203125
ISIC_0026969,212,0,0,0.03762029483914375,0.19493886828422546,0.6965959668159485,0.0837613120675087,0.05623498558998108,0.1573185734450817,0.6589756719768047,0.046141017228364944,0.018614690750837326
ISIC_0030249,212,1,0,0.9113430976867676,0.1606409102678299,0.9271899461746216,0.8887656927108765,0.21907693147659302,-0.7507021874189377,0.015846848487854004,-0.022577404975891113,-0.6922661662101746
ISIC_0028994,212,1,1,0.9147065281867981,0.6543986201286316,0.9328843355178833,0.8955243229866028,0.4803248345851898,-0.2603079080581665,0.018177807331085205,-0.019182205200195312,-0.4343816936016083
ISIC_0031041,212,1,1,0.9588063359260559,0.8324106335639954,0.9379696846008301,0.9586467742919922,0.778972327709198,-0.12639570236206055,-0.02083665132522583,-0.0001595616340637207,-0.1798340082168579
ISIC_0035767,212,1,0,0.76009202003479,0.7394396066665649,0.7922773957252502,0.7576655745506287,0.438033789396286,-0.020652413368225098,0.032185375690460205,-0.002426445484161377,-0.32205823063850403
ISIC_0035376,212,1,1,0.9462980628013611,0.29115796089172363,0.9075942635536194,0.9449211955070496,0.2266630232334137,-0.6551401019096375,-0.0387037992477417,-0.0013768672943115234,-0.7196350395679474
ISIC_0028542,212,1,1,0.9187697768211365,0.5519039034843445,0.8584026098251343,0.9008769989013672,0.5084960460662842,-0.366865873336792,-0.0603671669960022,-0.017892777919769287,-0.4102737307548523
ISIC_0033366,212,1,1,0.8049957752227783,0.34879791736602783,0.7554830312728882,0.7941920757293701,0.3141503930091858,-0.4561978578567505,-0.04951274394989014,-0.010803699493408203,-0.49084538221359253
ISIC_0024595,212,1,1,0.9428901672363281,0.9233982563018799,0.9471378922462463,0.9270021319389343,0.7877506613731384,-0.019491910934448242,0.004247725009918213,-0.0158880352973938,-0.1551395058631897
ISIC_0032441,212,1,1,0.8576282858848572,0.6128696799278259,0.8042808771133423,0.8544984459877014,0.5352466106414795,-0.24475860595703125,-0.05334740877151489,-0.0031298398971557617,-0.3223816752433777
ISIC_0034605,212,1,1,0.9114614129066467,0.6980427503585815,0.8858209252357483,0.886728048324585,0.49736908078193665,-0.21341866254806519,-0.025640487670898438,-0.024733364582061768,-0.4140923321247101
ISIC_0034888,212,1,0,0.9040089249610901,0.7757575511932373,0.9214619398117065,0.9030329585075378,0.7663479447364807,-0.12825137376785278,0.017453014850616455,-0.0009759664535522461,-0.13766098022460938
ISIC_0035663,212,1,0,0.8774923086166382,0.49622344970703125,0.8732747435569763,0.8838896751403809,0.2898576259613037,-0.38126885890960693,-0.004217565059661865,0.006397366523742676,-0.5876346826553345
ISIC_0025301,212,1,0,0.9223565459251404,0.3032977879047394,0.9480030536651611,0.9427416920661926,0.16887874901294708,-0.619058758020401,0.025646507740020752,0.020385146141052246,-0.7534777969121933
ISIC_0032313,212,1,1,0.8784765601158142,0.7253459095954895,0.8511396646499634,0.8737478256225586,0.7236939072608948,-0.1531306505203247,-0.02733689546585083,-0.004728734493255615,-0.15478265285491943
ISIC_0032841,212,1,0,0.8195281028747559,0.7289813756942749,0.8298475742340088,0.8321928381919861,0.6470388770103455,-0.09054672718048096,0.01031947135925293,0.012664735317230225,-0.1724892258644104
ISIC_0034906,212,1,1,0.981704831123352,0.21352191269397736,0.9787715077400208,0.9708879590034485,0.13527433574199677,-0.7681829184293747,-0.002933323383331299,-0.010816872119903564,-0.8464304953813553
ISIC_0035756,212,1,0,0.9132439494132996,0.29251828789711,0.9173664450645447,0.9209593534469604,0.37299832701683044,-0.6207256615161896,0.004122495651245117,0.007715404033660889,-0.5402456223964691
ISIC_0035708,212,1,0,0.8487393856048584,0.46588975191116333,0.811682403087616,0.8850618004798889,0.3768087327480316,-0.38284963369369507,-0.03705698251724243,0.03632241487503052,-0.4719306528568268
ISIC_0033619,212,1,1,0.8377225995063782,0.6624719500541687,0.8525807857513428,0.8302960395812988,0.46447664499282837,-0.17525064945220947,0.0148581862449646,-0.007426559925079346,-0.3732459545135498
ISIC_0026522,212,1,1,0.9526523351669312,0.13371556997299194,0.9550979137420654,0.9578391909599304,0.12833407521247864,-0.8189367651939392,0.0024455785751342773,0.005186855792999268,-0.8243182599544525
ISIC_0027359,212,1,1,0.9080381393432617,0.7854790091514587,0.8282051086425781,0.9078472852706909,0.7116756439208984,-0.12255913019180298,-0.0798330307006836,-0.00019085407257080078,-0.19636249542236328
ISIC_0027229,212,1,0,0.8105165362358093,0.860999345779419,0.8250860571861267,0.8264507055282593,0.8629055023193359,0.05048280954360962,0.014569520950317383,0.01593416929244995,0.05238896608352661
ISIC_0024799,212,1,1,0.8756299018859863,0.7452751994132996,0.8605008721351624,0.8649194240570068,0.6779005527496338,-0.13035470247268677,-0.015129029750823975,-0.010710477828979492,-0.19772934913635254
ISIC_0028763,212,1,1,0.9449299573898315,0.5935748815536499,0.9385944604873657,0.9174445271492004,0.5535383224487305,-0.35135507583618164,-0.00633549690246582,-0.027485430240631104,-0.3913916349411011
ISIC_0031266,212,1,1,0.8430719375610352,0.8656054139137268,0.8641153573989868,0.8393927812576294,0.8633086681365967,0.02253347635269165,0.02104341983795166,-0.0036791563034057617,0.020236730575561523
ISIC_0029602,212,1,0,0.9333773851394653,0.060000237077474594,0.9440473318099976,0.8925707340240479,0.06674312800168991,-0.8733771480619907,0.010669946670532227,-0.04080665111541748,-0.8666342571377754
ISIC_0031489,212,1,0,0.8955946564674377,0.8048797249794006,0.9044556021690369,0.854106068611145,0.7375438213348389,-0.09071493148803711,0.008860945701599121,-0.041488587856292725,-0.15805083513259888
ISIC_0025069,212,1,0,0.8549923896789551,0.7911702394485474,0.8506977558135986,0.8707694411277771,0.7368952035903931,-0.06382215023040771,-0.004294633865356445,0.01577705144882202,-0.11809718608856201
ISIC_0029860,212,1,1,0.9506071209907532,0.8791317343711853,0.9567639827728271,0.9433364272117615,0.8472261428833008,-0.07147538661956787,0.006156861782073975,-0.007270693778991699,-0.10338097810745239
ISIC_0028232,212,1,0,0.8880099058151245,0.2660849094390869,0.9433408975601196,0.9385145306587219,0.506027340888977,-0.6219249963760376,0.05533099174499512,0.05050462484359741,-0.38198256492614746
ISIC_0029669,212,1,0,0.951262891292572,0.2106906622648239,0.5947465896606445,0.811958372592926,0.12341546267271042,-0.7405722290277481,-0.3565163016319275,-0.139304518699646,-0.8278474286198616
ISIC_0030191,212,1,1,0.9558699131011963,0.8476995229721069,0.9529204368591309,0.9169182181358337,0.7715359330177307,-0.10817039012908936,-0.0029494762420654297,-0.03895169496536255,-0.18433398008346558
ISIC_0031063,212,1,1,0.9560179114341736,0.8240569233894348,0.9563595056533813,0.9450718760490417,0.8088321685791016,-0.13196098804473877,0.00034159421920776367,-0.010946035385131836,-0.14718574285507202
ISIC_0024967,212,1,1,0.9076688885688782,0.437715083360672,0.9300769567489624,0.9018698334693909,0.4949938952922821,-0.4699538052082062,0.02240806818008423,-0.005799055099487305,-0.41267499327659607
ISIC_0028685,212,1,0,0.9460073709487915,0.6644670367240906,0.9544385075569153,0.9371713995933533,0.6684116721153259,-0.2815403342247009,0.00843113660812378,-0.008835971355438232,-0.2775956988334656
ISIC_0031087,212,1,0,0.9834381937980652,0.09071579575538635,0.9768570065498352,0.9844224452972412,0.13452821969985962,-0.8927223980426788,-0.0065811872482299805,0.0009842514991760254,-0.8489099740982056
ISIC_0035853,212,1,0,0.66075599193573,0.5308462977409363,0.5931181907653809,0.681809663772583,0.3967209458351135,-0.1299096941947937,-0.06763780117034912,0.021053671836853027,-0.26403504610061646
ISIC_0032816,212,1,1,0.8047971725463867,0.47940972447395325,0.7828019857406616,0.8199806809425354,0.3426125645637512,-0.32538744807243347,-0.021995186805725098,0.015183508396148682,-0.4621846079826355
ISIC_0025265,212,1,0,0.878553569316864,0.6691495776176453,0.8173729777336121,0.8863633275032043,0.5946557521820068,-0.20940399169921875,-0.06118059158325195,0.007809758186340332,-0.2838978171348572
ISIC_0027846,212,1,0,0.930809736251831,0.3957042098045349,0.9467350244522095,0.937992513179779,0.4449940621852875,-0.5351055264472961,0.015925288200378418,0.007182776927947998,-0.4858156740665436
ISIC_0033023,212,1,0,0.9281045198440552,0.9358394145965576,0.9296342134475708,0.9244133234024048,0.927243709564209,0.007734894752502441,0.001529693603515625,-0.0036911964416503906,-0.0008608102798461914
ISIC_0030929,212,1,0,0.8823647499084473,0.851239025592804,0.9040115475654602,0.8964498043060303,0.8529922962188721,-0.03112572431564331,0.02164679765701294,0.014085054397583008,-0.029372453689575195
ISIC_0035130,212,1,0,0.785071611404419,0.4572038948535919,0.7711793780326843,0.8141971230506897,0.49408891797065735,-0.327867716550827,-0.01389223337173462,0.029125511646270752,-0.2909826934337616
ISIC_0035446,212,1,1,0.8956535458564758,0.41390982270240784,0.8907115459442139,0.8924162983894348,0.3418121933937073,-0.481743723154068,-0.004941999912261963,-0.0032372474670410156,-0.5538413524627686
ISIC_0030486,212,1,1,0.9237561225891113,0.390677809715271,0.9149829745292664,0.916504979133606,0.4677526652812958,-0.5330783128738403,-0.00877314805984497,-0.007251143455505371,-0.45600345730781555
ISIC_0027328,212,1,0,0.9196871519088745,0.8837447166442871,0.9227492213249207,0.9349810481071472,0.8958858847618103,-0.0359424352645874,0.0030620694160461426,0.015293896198272705,-0.02380126714706421
ISIC_0027004,212,1,1,0.8398870825767517,0.8029459118843079,0.848422110080719,0.8605394959449768,0.7701671123504639,-0.03694117069244385,0.008535027503967285,0.020652413368225098,-0.06971997022628784
ISIC_0026687,212,1,1,0.9786326289176941,0.9179384708404541,0.9767018556594849,0.9727211594581604,0.9052932262420654,-0.06069415807723999,-0.0019307732582092285,-0.005911469459533691,-0.07333940267562866
ISIC_0035089,212,1,1,0.8345468044281006,0.5084254741668701,0.8024637699127197,0.8257114291191101,0.3746187686920166,-0.32612133026123047,-0.03208303451538086,-0.008835375308990479,-0.459928035736084
ISIC_0034416,212,1,0,0.9657392501831055,0.7293210029602051,0.9702694416046143,0.9738364815711975,0.8133185505867004,-0.2364182472229004,0.004530191421508789,0.008097231388092041,-0.15242069959640503
ISIC_2691267,70,0,0,0.5673105716705322,0.5322237014770508,0.3758234679698944,0.5250051617622375,0.37692075967788696,-0.035086870193481445,-0.19148710370063782,-0.04230540990829468,-0.19038981199264526
ISIC_7150493,70,0,0,0.7957795262336731,0.251141220331192,0.751969575881958,0.7889412641525269,0.15347285568714142,-0.5446383059024811,-0.04380995035171509,-0.00683826208114624,-0.6423066705465317
ISIC_1620808,70,0,1,0.7004625797271729,0.09157486259937286,0.7446959614753723,0.5235377550125122,0.1312224417924881,-0.6088877171278,0.04423338174819946,-0.17692482471466064,-0.5692401379346848
ISIC_7056760,70,0,0,0.5841887593269348,0.266954243183136,0.26836276054382324,0.5548636317253113,0.06481872498989105,-0.31723451614379883,-0.3158259987831116,-0.029325127601623535,-0.5193700343370438
ISIC_7435292,70,0,1,0.8107221722602844,0.03956303000450134,0.8723500370979309,0.7529134750366211,0.062705397605896,-0.7711591422557831,0.061627864837646484,-0.05780869722366333,-0.7480167746543884
ISIC_2329722,70,0,0,0.5596688389778137,0.1076519638299942,0.4873415529727936,0.5985855460166931,0.10278858989477158,-0.4520168751478195,-0.07232728600502014,0.038916707038879395,-0.45688024908304214
ISIC_0610141,70,0,1,0.8615669012069702,0.33118605613708496,0.8889736533164978,0.8076570630073547,0.36806243658065796,-0.5303808450698853,0.027406752109527588,-0.05390983819961548,-0.49350446462631226
ISIC_4848012,70,0,0,0.04391412436962128,0.04027815908193588,0.3065974712371826,0.03292751684784889,0.034660957753658295,-0.0036359652876853943,0.26268334686756134,-0.010986607521772385,-0.009253166615962982
ISIC_3969181,70,0,0,0.793480634689331,0.15584015846252441,0.6776255369186401,0.9014818668365479,0.15694978833198547,-0.6376404762268066,-0.11585509777069092,0.1080012321472168,-0.6365308463573456
ISIC_2891834,70,0,0,0.7979841232299805,0.04738190397620201,0.8018746376037598,0.8156808614730835,0.04544577747583389,-0.7506022192537785,0.003890514373779297,0.017696738243103027,-0.7525383457541466
ISIC_7069003,70,0,0,0.958042323589325,0.4118161201477051,0.9642007350921631,0.9505926966667175,0.3425697386264801,-0.5462262034416199,0.006158411502838135,-0.007449626922607422,-0.6154725849628448
ISIC_3700351,70,0,1,0.5286309123039246,0.03999995067715645,0.6808660626411438,0.6829723119735718,0.04977388679981232,-0.4886309616267681,0.15223515033721924,0.15434139966964722,-0.47885702550411224
ISIC_4718313,70,0,1,0.4952957332134247,0.7603643536567688,0.25075894594192505,0.6125838160514832,0.40649089217185974,0.2650686204433441,-0.24453678727149963,0.11728808283805847,-0.08880484104156494
ISIC_3039519,70,0,0,0.8446369171142578,0.5576834082603455,0.4106062650680542,0.731170654296875,0.37688151001930237,-0.28695350885391235,-0.4340306520462036,-0.11346626281738281,-0.46775540709495544
ISIC_2041726,70,0,1,0.8242089748382568,0.8571338653564453,0.6556731462478638,0.7606260180473328,0.5949780344963074,0.03292489051818848,-0.16853582859039307,-0.06358295679092407,-0.22923094034194946
ISIC_5380914,70,0,1,0.5139488577842712,0.04686463624238968,0.6123455166816711,0.2750503122806549,0.03089059330523014,-0.46708422154188156,0.0983966588973999,-0.23889854550361633,-0.4830582644790411
ISIC_6427761,70,0,0,0.652931272983551,0.29466915130615234,0.7212699055671692,0.683722734451294,0.39806240797042847,-0.3582621216773987,0.06833863258361816,0.03079146146774292,-0.25486886501312256
ISIC_4265307,70,0,0,0.6848068833351135,0.0638105720281601,0.7218361496925354,0.6714922785758972,0.23750649392604828,-0.6209963113069534,0.037029266357421875,-0.013314604759216309,-0.44730038940906525
ISIC_0413901,70,0,1,0.7558537125587463,0.6592541337013245,0.685021162033081,0.5351314544677734,0.6767621636390686,-0.09659957885742188,-0.07083255052566528,-0.2207222580909729,-0.07909154891967773
ISIC_6155981,70,0,0,0.7548506259918213,0.70038902759552,0.5252695083618164,0.7228836417198181,0.3925164043903351,-0.05446159839630127,-0.22958111763000488,-0.031966984272003174,-0.3623342216014862
ISIC_1655600,70,0,0,0.7482718825340271,0.3129575252532959,0.1770457774400711,0.6864717602729797,0.3540765643119812,-0.4353143572807312,-0.571226105093956,-0.06180012226104736,-0.3941953182220459
ISIC_7936961,70,0,0,0.7524492144584656,0.45203301310539246,0.5016056895256042,0.795017421245575,0.20089833438396454,-0.3004162013530731,-0.25084352493286133,0.042568206787109375,-0.551550880074501
ISIC_9110426,70,0,1,0.8059197664260864,0.32192131876945496,0.7587080597877502,0.7284349203109741,0.4496789574623108,-0.48399844765663147,-0.04721170663833618,-0.0774848461151123,-0.35624080896377563
ISIC_6773319,70,0,0,0.035970207303762436,0.06518702954053879,0.25261539220809937,0.05164650082588196,0.04789062961935997,0.029216822236776352,0.21664518490433693,0.015676293522119522,0.011920422315597534
ISIC_9483439,70,0,0,0.6372162699699402,0.027183962985873222,0.6862788796424866,0.5841081738471985,0.032115280628204346,-0.610032306984067,0.04906260967254639,-0.0531080961227417,-0.6051009893417358
ISIC_7235862,70,0,0,0.04228851571679115,0.053755126893520355,0.14045454561710358,0.06477315723896027,0.03380151838064194,0.011466611176729202,0.09816602990031242,0.022484641522169113,-0.008486997336149216
ISIC_9905633,70,0,1,0.7134138941764832,0.27581384778022766,0.6287172436714172,0.6695888042449951,0.27445894479751587,-0.4376000463962555,-0.08469665050506592,-0.04382508993148804,-0.4389549493789673
ISIC_1307651,70,0,1,0.775510847568512,0.21485726535320282,0.7335560321807861,0.612511157989502,0.3559578061103821,-0.5606535822153091,-0.04195481538772583,-0.16299968957901,-0.4195530414581299
ISIC_3362526,70,0,1,0.24825124442577362,0.053139153867959976,0.7064434885978699,0.2839081287384033,0.034808143973350525,-0.19511209055781364,0.45819224417209625,0.0356568843126297,-0.2134431004524231
ISIC_1382198,70,0,1,0.5478155016899109,0.8471227884292603,0.47043442726135254,0.37762385606765747,0.7175695896148682,0.29930728673934937,-0.07738107442855835,-0.17019164562225342,0.16975408792495728
ISIC_3756374,70,0,1,0.39450326561927795,0.0786687582731247,0.4724152684211731,0.4130467474460602,0.07717469334602356,-0.31583450734615326,0.07791200280189514,0.018543481826782227,-0.3173285722732544
ISIC_4962984,70,0,1,0.28140851855278015,0.10097755491733551,0.7354010939598083,0.3311195373535156,0.1191471591591835,-0.18043096363544464,0.4539925754070282,0.049711018800735474,-0.16226135939359665
ISIC_5681315,70,0,0,0.597862720489502,0.2703664004802704,0.7130320072174072,0.5726918578147888,0.3246173858642578,-0.32749632000923157,0.11516928672790527,-0.025170862674713135,-0.27324533462524414
ISIC_6385074,70,0,0,0.7273841500282288,0.277841717004776,0.496083527803421,0.7068948745727539,0.12923482060432434,-0.44954243302345276,-0.23130062222480774,-0.020489275455474854,-0.5981493294239044
ISIC_0247964,70,0,1,0.6600443720817566,0.14000588655471802,0.6537079215049744,0.6867907047271729,0.23717911541461945,-0.5200384855270386,-0.0063364505767822266,0.02674633264541626,-0.42286525666713715
ISIC_8302945,70,0,0,0.0377618744969368,0.09512035548686981,0.10652121901512146,0.06193910911679268,0.11445844173431396,0.057358480989933014,0.06875934451818466,0.02417723461985588,0.07669656723737717
ISIC_2426893,70,0,0,0.06381337344646454,0.031557001173496246,0.40386122465133667,0.062178973108530045,0.0399346724152565,-0.03225637227296829,0.34004785120487213,-0.001634400337934494,-0.02387870103120804
ISIC_3432947,70,0,0,0.7905745506286621,0.20121124386787415,0.6881477236747742,0.8061436414718628,0.11027910560369492,-0.589363306760788,-0.10242682695388794,0.015569090843200684,-0.6802954450249672
ISIC_7148289,70,0,1,0.43535926938056946,0.0394848957657814,0.8372597694396973,0.4493948817253113,0.02622220292687416,-0.39587437361478806,0.4019005000591278,0.014035612344741821,-0.4091370664536953
ISIC_2784965,70,0,0,0.7849035263061523,0.4741024672985077,0.7205846309661865,0.7177219390869141,0.2569245398044586,-0.31080105900764465,-0.06431889533996582,-0.06718158721923828,-0.5279789865016937
ISIC_6108555,70,0,0,0.8548996448516846,0.6137614250183105,0.8622143864631653,0.8075791597366333,0.5295878052711487,-0.24113821983337402,0.007314741611480713,-0.04732048511505127,-0.3253118395805359
ISIC_8653749,70,0,1,0.6332065463066101,0.04725169762969017,0.6759329438209534,0.6140878200531006,0.03643399849534035,-0.5859548486769199,0.04272639751434326,-0.01911872625350952,-0.5967725478112698
ISIC_1313659,70,0,1,0.18429233133792877,0.1216224953532219,0.36605095863342285,0.15346920490264893,0.0982026606798172,-0.06266983598470688,0.18175862729549408,-0.030823126435279846,-0.08608967065811157
ISIC_5290109,70,0,1,0.6207441091537476,0.14533473551273346,0.7243292927742004,0.6257160902023315,0.32785698771476746,-0.4754093736410141,0.10358518362045288,0.004971981048583984,-0.2928871214389801
ISIC_7641395,70,0,1,0.7974337935447693,0.8207433223724365,0.7989418506622314,0.7804614901542664,0.7998369336128235,0.023309528827667236,0.0015080571174621582,-0.01697230339050293,0.0024031400680541992
ISIC_1688271,70,0,0,0.27105990052223206,0.2811640202999115,0.20067249238491058,0.2801187038421631,0.13352300226688385,0.010104119777679443,-0.07038740813732147,0.00905880331993103,-0.1375368982553482
ISIC_0679553,70,0,1,0.8286614418029785,0.043498191982507706,0.8378925323486328,0.7035923600196838,0.04251036420464516,-0.7851632498204708,0.009231090545654297,-0.12506908178329468,-0.7861510775983334
ISIC_0855990,70,0,1,0.2543781101703644,0.05147114396095276,0.4741176962852478,0.27153700590133667,0.023124152794480324,-0.20290696620941162,0.21973958611488342,0.01715889573097229,-0.23125395737588406
ISIC_8715507,70,0,1,0.6732707619667053,0.031840305775403976,0.644158661365509,0.688361644744873,0.039828404784202576,-0.6414304561913013,-0.02911210060119629,0.015090882778167725,-0.6334423571825027
ISIC_2371033,70,0,1,0.42332613468170166,0.060338057577610016,0.5434410572052002,0.3792583644390106,0.08838382363319397,-0.36298807710409164,0.12011492252349854,-0.04406777024269104,-0.3349423110485077
ISIC_8068693,70,1,1,0.6339138746261597,0.11578095704317093,0.6871892213821411,0.6222335696220398,0.29841071367263794,-0.5181329175829887,0.053275346755981445,-0.011680305004119873,-0.33550316095352173
ISIC_7074321,70,1,1,0.5678378939628601,0.14909256994724274,0.5563426613807678,0.620712161064148,0.377550333738327,-0.41874532401561737,-0.011495232582092285,0.05287426710128784,-0.19028756022453308
ISIC_8789051,70,1,0,0.9578508734703064,0.07993224263191223,0.9320594668388367,0.9660715460777283,0.10551273077726364,-0.8779186308383942,-0.025791406631469727,0.008220672607421875,-0.8523381426930428
ISIC_7520843,70,1,0,0.6957278847694397,0.10651740431785583,0.6244049072265625,0.6950013637542725,0.07905033230781555,-0.5892104804515839,-0.0713229775428772,-0.0007265210151672363,-0.6166775524616241
ISIC_7371801,70,1,0,0.39503899216651917,0.3364405333995819,0.9143159985542297,0.35131239891052246,0.8093457221984863,-0.058598458766937256,0.5192770063877106,-0.043726593255996704,0.41430673003196716
ISIC_8011058,70,1,0,0.7862780690193176,0.3289666175842285,0.7321756482124329,0.7920899987220764,0.29892498254776,-0.4573114514350891,-0.054102420806884766,0.005811929702758789,-0.4873530864715576
ISIC_5191344,70,1,0,0.7925682663917542,0.9098620414733887,0.7448861002922058,0.734017014503479,0.5425785779953003,0.11729377508163452,-0.04768216609954834,-0.058551251888275146,-0.24998968839645386
ISIC_3775417,70,1,1,0.6483868360519409,0.20389142632484436,0.7667037844657898,0.7628101110458374,0.3892068564891815,-0.44449540972709656,0.11831694841384888,0.11442327499389648,-0.2591799795627594
ISIC_5561003,70,1,0,0.920450747013092,0.8649356961250305,0.9228130578994751,0.5112019181251526,0.5129263997077942,-0.05551505088806152,0.0023623108863830566,-0.40924882888793945,-0.40752434730529785
ISIC_9910791,70,1,0,0.8457626700401306,0.9998354911804199,0.8490079045295715,0.8416809439659119,0.9998577833175659,0.1540728211402893,0.003245234489440918,-0.00408172607421875,0.1540951132774353
ISIC_4425322,70,1,1,0.6857525706291199,0.25081291794776917,0.7720271944999695,0.7084710001945496,0.3681237995624542,-0.4349396526813507,0.08627462387084961,0.022718429565429688,-0.31762877106666565
ISIC_4000481,70,1,1,0.7904068827629089,0.1464260220527649,0.7708383798599243,0.7454244494438171,0.12777739763259888,-0.643980860710144,-0.01956850290298462,-0.0449824333190918,-0.6626294851303101
ISIC_7372719,70,1,0,0.9144617319107056,0.5261261463165283,0.9122307896614075,0.9224846959114075,0.554036557674408,-0.38833558559417725,-0.0022309422492980957,0.008022964000701904,-0.3604251742362976
ISIC_6927840,70,1,1,0.2934226989746094,0.1076185405254364,0.3248897194862366,0.2737179696559906,0.12418048083782196,-0.18580415844917297,0.0314670205116272,-0.019704729318618774,-0.16924221813678741
ISIC_1870415,70,1,1,0.3909425735473633,0.06187109649181366,0.47453299164772034,0.379059374332428,0.09439122676849365,-0.3290714770555496,0.08359041810035706,-0.011883199214935303,-0.29655134677886963
ISIC_0624498,70,1,0,0.782660722732544,0.770785927772522,0.7918053269386292,0.699505627155304,0.663914144039154,-0.011874794960021973,0.009144604206085205,-0.08315509557723999,-0.11874657869338989
ISIC_6971606,70,1,0,0.63137286901474,0.36042478680610657,0.5007342100143433,0.6124728918075562,0.4615786075592041,-0.2709480822086334,-0.13063865900039673,-0.018899977207183838,-0.1697942614555359
ISIC_2720971,70,1,0,0.050841812044382095,0.04271315783262253,0.446531742811203,0.056288640946149826,0.3424217700958252,-0.008128654211759567,0.3956899307668209,0.005446828901767731,0.2915799580514431
ISIC_2342769,70,1,0,0.9205461144447327,0.734926700592041,0.9130889177322388,0.9340222477912903,0.7371530532836914,-0.18561941385269165,-0.0074571967124938965,0.013476133346557617,-0.18339306116104126
ISIC_3025889,70,1,0,0.9016067981719971,0.14152325689792633,0.9042826890945435,0.9159649014472961,0.1403786689043045,-0.7600835412740707,0.0026758909225463867,0.014358103275299072,-0.7612281292676926
ISIC_8621568,70,1,0,0.18068519234657288,0.047202348709106445,0.6350181698799133,0.2149008810520172,0.15157821774482727,-0.13348284363746643,0.45433297753334045,0.034215688705444336,-0.029106974601745605
ISIC_4230049,70,1,0,0.5731357336044312,0.26064029335975647,0.619232177734375,0.40569305419921875,0.44305282831192017,-0.3124954402446747,0.04609644412994385,-0.1674426794052124,-0.130082905292511
ISIC_5673518,70,1,0,0.19923651218414307,0.23593081533908844,0.6627174615859985,0.22042842209339142,0.3278293311595917,0.036694303154945374,0.46348094940185547,0.021191909909248352,0.1285928189754486
ISIC_7914631,70,1,1,0.3158077299594879,0.06164062023162842,0.4350813329219818,0.29230716824531555,0.073499396443367,-0.2541671097278595,0.1192736029624939,-0.023500561714172363,-0.2423083335161209
ISIC_7295035,70,1,0,0.6858662366867065,0.1538463979959488,0.638978123664856,0.6633721590042114,0.2146930694580078,-0.5320198386907578,-0.046888113021850586,-0.022494077682495117,-0.47117316722869873
ISIC_5797062,70,1,0,0.8766217827796936,0.040113113820552826,0.8709761500358582,0.8726419806480408,0.04261058568954468,-0.8365086689591408,-0.005645632743835449,-0.003979802131652832,-0.8340111970901489
ISIC_2182856,70,1,1,0.6549968719482422,0.051297158002853394,0.642796516418457,0.4918229579925537,0.0426269955933094,-0.6036997139453888,-0.012200355529785156,-0.16317391395568848,-0.6123698763549328
ISIC_2311665,70,1,1,0.7833215594291687,0.31727689504623413,0.8280295729637146,0.7744492888450623,0.31886908411979675,-0.46604466438293457,0.0447080135345459,-0.008872270584106445,-0.46445247530937195
ISIC_0275828,70,1,1,0.20583078265190125,0.3043508231639862,0.1984798163175583,0.28465890884399414,0.3089544475078583,0.09852004051208496,-0.0073509663343429565,0.0788281261920929,0.10312366485595703
ISIC_9685931,70,1,0,0.4610195755958557,0.37039393186569214,0.4940037131309509,0.4843204915523529,0.3328583538532257,-0.09062564373016357,0.032984137535095215,0.023300915956497192,-0.12816122174263
ISIC_7466678,70,1,0,0.8027047514915466,0.13595567643642426,0.860994279384613,0.7191572189331055,0.24083080887794495,-0.6667490750551224,0.058289527893066406,-0.08354753255844116,-0.5618739426136017
ISIC_0952472,70,1,1,0.720974326133728,0.3851182758808136,0.7478653788566589,0.717995285987854,0.4834883511066437,-0.33585605025291443,0.026891052722930908,-0.0029790401458740234,-0.23748597502708435
ISIC_1330008,70,1,0,0.43562161922454834,0.2549285888671875,0.6789231896400452,0.4224986732006073,0.4345797598361969,-0.18069303035736084,0.24330157041549683,-0.01312294602394104,-0.0010418593883514404
ISIC_6713432,70,1,0,0.08108824491500854,0.13495893776416779,0.7968762516975403,0.14108575880527496,0.4523952603340149,0.05387069284915924,0.7157880067825317,0.05999751389026642,0.37130701541900635
ISIC_8450656,70,1,0,0.229507714509964,0.12312059849500656,0.2412824183702469,0.2231881320476532,0.1257920116186142,-0.10638711601495743,0.011774703860282898,-0.006319582462310791,-0.10371570289134979
ISIC_9754098,70,1,1,0.10414823889732361,0.07684852927923203,0.14434996247291565,0.12930141389369965,0.1326180398464203,-0.027299709618091583,0.04020172357559204,0.025153174996376038,0.02846980094909668
ISIC_8281208,70,1,0,0.7360426187515259,0.2883014976978302,0.7822564244270325,0.7407296895980835,0.28357356786727905,-0.4477411210536957,0.04621380567550659,0.004687070846557617,-0.4524690508842468
ISIC_6392461,70,1,0,0.4909919798374176,0.08433961868286133,0.4669730067253113,0.4786953628063202,0.10490080714225769,-0.4066523611545563,-0.024018973112106323,-0.012296617031097412,-0.3860911726951599
ISIC_0273046,70,1,0,0.0879291370511055,0.21674582362174988,0.7913474440574646,0.1216735690832138,0.3378027379512787,0.12881668657064438,0.7034183070063591,0.03374443203210831,0.2498736009001732
ISIC_9053910,70,1,1,0.9291350245475769,0.2505458891391754,0.9334323406219482,0.9258242845535278,0.2692359983921051,-0.6785891354084015,0.004297316074371338,-0.0033107399940490723,-0.6598990261554718
ISIC_6688417,70,1,0,0.7776763439178467,0.3315370976924896,0.5229036808013916,0.789309024810791,0.1988581418991089,-0.44613924622535706,-0.2547726631164551,0.011632680892944336,-0.5788182020187378
ISIC_7546219,70,1,1,0.7176722288131714,0.23198692500591278,0.7969245314598083,0.7204264998435974,0.26376500725746155,-0.4856853038072586,0.07925230264663696,0.0027542710304260254,-0.45390722155570984
ISIC_4938994,70,1,0,0.7649049162864685,0.588207483291626,0.7058809995651245,0.7648862600326538,0.5324477553367615,-0.17669743299484253,-0.059023916721343994,-1.8656253814697266e-05,-0.23245716094970703
ISIC_5576354,70,1,0,0.4827168881893158,0.20710505545139313,0.9469324946403503,0.4630546271800995,0.31551918387413025,-0.27561183273792267,0.46421560645103455,-0.01966226100921631,-0.16719770431518555
ISIC_3097354,70,1,1,0.67840576171875,0.5984095335006714,0.6740104556083679,0.6683189868927002,0.6186421513557434,-0.07999622821807861,-0.00439530611038208,-0.010086774826049805,-0.05976361036300659
ISIC_2979268,70,1,1,0.8600093126296997,0.795208752155304,0.7961174249649048,0.8044020533561707,0.6559103727340698,-0.06480056047439575,-0.06389188766479492,-0.05560725927352905,-0.20409893989562988
ISIC_6784593,70,1,0,0.7521200180053711,0.07523776590824127,0.7469328045845032,0.7627763748168945,0.0938522070646286,-0.6768822520971298,-0.00518721342086792,0.010656356811523438,-0.6582678109407425
ISIC_1375476,70,1,1,0.48014798760414124,0.1437346339225769,0.5489843487739563,0.4964860677719116,0.23601941764354706,-0.33641335368156433,0.06883636116981506,0.016338080167770386,-0.24412856996059418
ISIC_4377208,70,1,0,0.674305260181427,0.5533635020256042,0.6880595088005066,0.6931354403495789,0.5538003444671631,-0.12094175815582275,0.01375424861907959,0.018830180168151855,-0.12050491571426392
ISIC_1729223,70,1,0,0.8742854595184326,0.4412284195423126,0.8879303932189941,0.8827768564224243,0.46959540247917175,-0.43305703997612,0.013644933700561523,0.0084913969039917,-0.40469005703926086
ISIC_0062783,249,0,1,0.6669730544090271,0.6251580119132996,0.521669328212738,0.5948623418807983,0.5373045206069946,-0.04181504249572754,-0.14530372619628906,-0.07211071252822876,-0.12966853380203247
ISIC_0057443,249,0,1,0.48610442876815796,0.11163382977247238,0.41055333614349365,0.5192869305610657,0.1026051789522171,-0.3744705989956856,-0.0755510926246643,0.033182501792907715,-0.38349924981594086
ISIC_0064896,249,0,1,0.6419124007225037,0.62229984998703,0.5860753059387207,0.6627113223075867,0.5197023153305054,-0.019612550735473633,-0.05583709478378296,0.020798921585083008,-0.12221008539199829
ISIC_0064012,249,0,0,0.41006332635879517,0.10530966520309448,0.471771776676178,0.5564268231391907,0.15906694531440735,-0.3047536611557007,0.06170845031738281,0.1463634967803955,-0.2509963810443878
ISIC_0056869,249,0,1,0.4890705347061157,0.21198813617229462,0.3891247510910034,0.6117728352546692,0.42409202456474304,-0.2770823985338211,-0.0999457836151123,0.12270230054855347,-0.06497851014137268
ISIC_0063186,249,0,1,0.41388583183288574,0.13389991223812103,0.40097764134407043,0.4015277922153473,0.10632024705410004,-0.2799859195947647,-0.012908190488815308,-0.012358039617538452,-0.3075655847787857
ISIC_0070884,249,0,1,0.43707165122032166,0.27716895937919617,0.32776349782943726,0.4698743224143982,0.5450525283813477,-0.1599026918411255,-0.1093081533908844,0.03280267119407654,0.107980877161026
ISIC_0063841,249,0,1,0.1784358024597168,0.22155313193798065,0.299160361289978,0.1194443628191948,0.13209450244903564,0.043117329478263855,0.12072455883026123,-0.058991439640522,-0.04634130001068115
ISIC_0064577,249,0,1,0.4230172336101532,0.15527769923210144,0.4900020658969879,0.3543463945388794,0.3065752685070038,-0.26773953437805176,0.06698483228683472,-0.0686708390712738,-0.11644196510314941
ISIC_0067760,249,0,1,0.6852986812591553,0.508003830909729,0.6218724846839905,0.6915544271469116,0.4929308295249939,-0.17729485034942627,-0.0634261965751648,0.006255745887756348,-0.19236785173416138
ISIC_0059710,249,0,0,0.8980138897895813,0.5962662100791931,0.8711015582084656,0.9377799034118652,0.6738128066062927,-0.3017476797103882,-0.026912331581115723,0.039766013622283936,-0.22420108318328857
ISIC_0056135,249,0,1,0.7527751922607422,0.6594648957252502,0.7390022277832031,0.6213433146476746,0.48862701654434204,-0.09331029653549194,-0.013772964477539062,-0.13143187761306763,-0.26414817571640015
ISIC_0064708,249,0,1,0.8303092122077942,0.8413457274436951,0.8310233950614929,0.8451279401779175,0.8508202433586121,0.011036515235900879,0.0007141828536987305,0.014818727970123291,0.02051103115081787
ISIC_0053466,249,0,0,0.6369019150733948,0.22195583581924438,0.5299436450004578,0.6602333188056946,0.2085639089345932,-0.4149460792541504,-0.10695827007293701,0.023331403732299805,-0.4283380061388016
ISIC_0061537,249,0,1,0.8775941133499146,0.6716153025627136,0.7864351272583008,0.8610996603965759,0.729878842830658,-0.20597881078720093,-0.09115898609161377,-0.016494452953338623,-0.1477152705192566
ISIC_0061635,249,0,0,0.8793792724609375,0.39804109930992126,0.8422531485557556,0.722894012928009,0.46848028898239136,-0.48133817315101624,-0.037126123905181885,-0.15648525953292847,-0.41089898347854614
ISIC_0070202,249,0,1,0.5849527716636658,0.5194946527481079,0.4294477105140686,0.5991753339767456,0.36531880497932434,-0.06545811891555786,-0.15550506114959717,0.014222562313079834,-0.21963396668434143
ISIC_0060584,249,0,0,0.8307033181190491,0.8108857870101929,0.8858093023300171,0.8276138305664062,0.5701961517333984,-0.0198175311088562,0.05510598421096802,-0.0030894875526428223,-0.26050716638565063
ISIC_0066235,249,0,0,0.30103012919425964,0.1795525997877121,0.30205053091049194,0.4003681242465973,0.14634303748607635,-0.12147752940654755,0.0010204017162322998,0.09933799505233765,-0.1546870917081833
ISIC_0065575,249,0,1,0.36254850029945374,0.254472941160202,0.33765843510627747,0.2957783341407776,0.6493521928787231,-0.10807555913925171,-0.02489006519317627,-0.06677016615867615,0.2868036925792694
ISIC_0072949,249,0,1,0.5926454663276672,0.23749245703220367,0.45335015654563904,0.7249012589454651,0.11963646113872528,-0.35515300929546356,-0.1392953097820282,0.13225579261779785,-0.47300900518894196
ISIC_0062044,249,0,0,0.3410857915878296,0.3584555387496948,0.3539365530014038,0.3376130759716034,0.3561624586582184,0.017369747161865234,0.012850761413574219,-0.0034727156162261963,0.015076667070388794
ISIC_0058141,249,0,1,0.7471815943717957,0.2549131512641907,0.7497003674507141,0.7279179692268372,0.10412018746137619,-0.492268443107605,0.002518773078918457,-0.019263625144958496,-0.6430614069104195
ISIC_0072960,249,0,0,0.6689583659172058,0.09731214493513107,0.6747779250144958,0.6198700070381165,0.15804681181907654,-0.5716462209820747,0.005819559097290039,-0.049088358879089355,-0.5109115540981293
ISIC_0061924,249,0,0,0.7646366953849792,0.07136864960193634,0.7587885856628418,0.7367379069328308,0.077474445104599,-0.6932680457830429,-0.005848109722137451,-0.027898788452148438,-0.6871622502803802
ISIC_0070208,249,0,1,0.4932990074157715,0.2192334234714508,0.4881408214569092,0.48387911915779114,0.18650805950164795,-0.2740655839443207,-0.005158185958862305,-0.009419888257980347,-0.30679094791412354
ISIC_0059603,249,0,1,0.47519150376319885,0.18856586515903473,0.5169469118118286,0.26489338278770447,0.30140218138694763,-0.2866256386041641,0.04175540804862976,-0.21029812097549438,-0.17378932237625122
ISIC_0054812,249,0,0,0.7763981819152832,0.7537208199501038,0.7705757021903992,0.7664194703102112,0.777766764163971,-0.022677361965179443,-0.005822479724884033,-0.009978711605072021,0.0013685822486877441
ISIC_0055283,249,0,1,0.5793284773826599,0.5875580310821533,0.5714324712753296,0.6043100357055664,0.533750057220459,0.008229553699493408,-0.007896006107330322,0.024981558322906494,-0.04557842016220093
ISIC_0058233,249,0,1,0.07079582661390305,0.22568391263484955,0.11142420768737793,0.2709863483905792,0.1941593885421753,0.1548880860209465,0.040628381073474884,0.20019052177667618,0.12336356192827225
ISIC_0072170,249,0,1,0.5687894225120544,0.11850658059120178,0.43946465849876404,0.5665477514266968,0.0849461555480957,-0.45028284192085266,-0.1293247640132904,-0.002241671085357666,-0.48384326696395874
ISIC_0065383,249,0,0,0.6836062073707581,0.20831817388534546,0.6913358569145203,0.6867636442184448,0.26995235681533813,-0.4752880334854126,0.007729649543762207,0.0031574368476867676,-0.4136538505554199
ISIC_0073006,249,0,1,0.615925669670105,0.1370202600955963,0.6046354174613953,0.6116021275520325,0.11887595057487488,-0.47890540957450867,-0.011290252208709717,-0.00432354211807251,-0.4970497190952301
ISIC_0065762,249,0,1,0.8263355493545532,0.10546980798244476,0.7536436319351196,0.7727562785148621,0.18862591683864594,-0.7208657413721085,-0.0726919174194336,-0.05357927083969116,-0.6377096325159073
ISIC_0071356,249,0,1,0.5327149629592896,0.43698233366012573,0.43359625339508057,0.5819829106330872,0.5726157426834106,-0.09573262929916382,-0.09911870956420898,0.04926794767379761,0.039900779724121094
ISIC_0073031,249,0,1,0.7755771279335022,0.7603671550750732,0.7177207469940186,0.7764302492141724,0.6826832294464111,-0.015209972858428955,-0.05785638093948364,0.000853121280670166,-0.09289389848709106
ISIC_0068344,249,0,1,0.6566007733345032,0.06414377689361572,0.6416409015655518,0.6513535380363464,0.03373356908559799,-0.5924569964408875,-0.014959871768951416,-0.005247235298156738,-0.6228672042489052
ISIC_0071171,249,0,0,0.28029629588127136,0.08124697953462601,0.3039499521255493,0.2824402153491974,0.08899261802434921,-0.19904931634664536,0.023653656244277954,0.0021439194679260254,-0.19130367785692215
ISIC_0067408,249,0,1,0.7217220067977905,0.6835960149765015,0.6827678084373474,0.7742778062820435,0.6643201112747192,-0.03812599182128906,-0.038954198360443115,0.05255579948425293,-0.05740189552307129
ISIC_0058846,249,0,1,0.5761051177978516,0.37464141845703125,0.5410647988319397,0.5628206729888916,0.349752277135849,-0.2014636993408203,-0.035040318965911865,-0.013284444808959961,-0.22635284066200256
ISIC_0073150,249,0,1,0.5770472884178162,0.3069462478160858,0.6784078478813171,0.5844008326530457,0.17514820396900177,-0.27010104060173035,0.10136055946350098,0.007353544235229492,-0.4018990844488144
ISIC_0071919,249,0,1,0.8314210176467896,0.5625019669532776,0.8449282050132751,0.8491960167884827,0.4923849105834961,-0.26891905069351196,0.013507187366485596,0.017774999141693115,-0.33903610706329346
ISIC_0069019,249,0,1,0.6041294932365417,0.6889399290084839,0.6683200597763062,0.6585758924484253,0.6251965165138245,0.08481043577194214,0.0641905665397644,0.054446399211883545,0.021067023277282715
ISIC_0073080,249,0,1,0.39859041571617126,0.26328885555267334,0.43814390897750854,0.5165970325469971,0.4165569841861725,-0.13530156016349792,0.03955349326133728,0.1180066168308258,0.01796656847000122
ISIC_0060632,249,0,0,0.4102499783039093,0.12351357191801071,0.462969034910202,0.5128507614135742,0.20816263556480408,-0.2867364063858986,0.052719056606292725,0.10260078310966492,-0.20208734273910522
ISIC_0066383,249,0,1,0.4370618164539337,0.2232857048511505,0.3787172734737396,0.5219879150390625,0.12316570430994034,-0.2137761116027832,-0.05834454298019409,0.08492609858512878,-0.3138961121439934
ISIC_0065274,249,0,1,0.4196041226387024,0.19060714542865753,0.5494469404220581,0.5927776098251343,0.15839675068855286,-0.22899697721004486,0.1298428177833557,0.17317348718643188,-0.26120737195014954
ISIC_0053998,249,0,0,0.4230266809463501,0.08251874148845673,0.3636908531188965,0.4241006672382355,0.093708835542202,-0.34050793945789337,-0.05933582782745361,0.001073986291885376,-0.3293178454041481
ISIC_0053647,249,0,1,0.7261772155761719,0.4583210349082947,0.6457807421684265,0.6956995129585266,0.45839953422546387,-0.2678561806678772,-0.08039647340774536,-0.030477702617645264,-0.267777681350708
ISIC_0065503,249,0,1,0.7105031609535217,0.7414120435714722,0.677873432636261,0.6946274042129517,0.7214674949645996,0.03090888261795044,-0.03262972831726074,-0.01587575674057007,0.01096433401107788
ISIC_0056571,249,1,1,0.79768306016922,0.17644205689430237,0.7633194923400879,0.8506487607955933,0.35908785462379456,-0.6212410032749176,-0.03436356782913208,0.05296570062637329,-0.4385952055454254
ISIC_0068909,249,1,0,0.9029780030250549,0.22622261941432953,0.9047912955284119,0.9203201532363892,0.27208444476127625,-0.6767553836107254,0.0018132925033569336,0.01734215021133423,-0.6308935582637787
ISIC_0057242,249,1,1,0.7932834029197693,0.7923364043235779,0.7500758767127991,0.7892242670059204,0.723086416721344,-0.0009469985961914062,-0.043207526206970215,-0.004059135913848877,-0.07019698619842529
ISIC_0061185,249,1,0,0.7086424827575684,0.44009026885032654,0.7599016427993774,0.7375906109809875,0.4550337493419647,-0.2685522139072418,0.05125916004180908,0.02894812822341919,-0.25360873341560364
ISIC_0068276,249,1,0,0.6053947806358337,0.21743352711200714,0.5501319169998169,0.6489986777305603,0.26043611764907837,-0.3879612535238266,-0.055262863636016846,0.04360389709472656,-0.34495866298675537
ISIC_0072111,249,1,1,0.8140060901641846,0.8380776047706604,0.8042941093444824,0.7903484106063843,0.8680080771446228,0.02407151460647583,-0.009711980819702148,-0.023657679557800293,0.05400198698043823
ISIC_0065648,249,1,1,0.9394028186798096,0.21917890012264252,0.7573463320732117,0.9453677535057068,0.11791393905878067,-0.720223918557167,-0.1820564866065979,0.005964934825897217,-0.8214888796210289
ISIC_0054244,249,1,1,0.40574735403060913,0.07219859212636948,0.38252535462379456,0.41308385133743286,0.08338646590709686,-0.33354876190423965,-0.023221999406814575,0.0073364973068237305,-0.32236088812351227
ISIC_0071589,249,1,0,0.9007130265235901,0.8474497199058533,0.8973308801651001,0.897720456123352,0.842948853969574,-0.053263306617736816,-0.0033821463584899902,-0.002992570400238037,-0.05776417255401611
ISIC_0068347,249,1,0,0.8882906436920166,0.8482808470726013,0.8814935088157654,0.8910173773765564,0.8649808168411255,-0.04000979661941528,-0.006797134876251221,0.002726733684539795,-0.023309826850891113
ISIC_0062206,249,1,1,0.636618435382843,0.4909318685531616,0.6570147275924683,0.6649738550186157,0.6382548213005066,-0.1456865668296814,0.020396292209625244,0.028355419635772705,0.0016363859176635742
ISIC_0058651,249,1,1,0.7830874919891357,0.5099356770515442,0.7247636318206787,0.8030633926391602,0.266525536775589,-0.27315181493759155,-0.05832386016845703,0.019975900650024414,-0.5165619552135468
ISIC_0063354,249,1,1,0.9390913248062134,0.9432933926582336,0.9153910875320435,0.9475634694099426,0.9086475968360901,0.004202067852020264,-0.023700237274169922,0.008472144603729248,-0.03044372797012329
ISIC_0058398,249,1,1,0.8043470978736877,0.6411681175231934,0.7967252135276794,0.8135266304016113,0.6145870685577393,-0.16317898035049438,-0.007621884346008301,0.009179532527923584,-0.1897600293159485
ISIC_0054721,249,1,1,0.5151671767234802,0.31474530696868896,0.302424818277359,0.5129028558731079,0.12780188024044037,-0.20042186975479126,-0.21274235844612122,-0.0022643208503723145,-0.38736529648303986
ISIC_0054993,249,1,0,0.6953188180923462,0.15606987476348877,0.5212432146072388,0.7562933564186096,0.12302722036838531,-0.5392489433288574,-0.17407560348510742,0.06097453832626343,-0.5722915977239609
ISIC_0059581,249,1,0,0.8776941895484924,0.30492231249809265,0.8775922656059265,0.8838792443275452,0.31776848435401917,-0.5727718770503998,-0.00010192394256591797,0.006185054779052734,-0.5599257051944733
ISIC_0057542,249,1,1,0.350698858499527,0.25715216994285583,0.34866952896118164,0.3157874345779419,0.10980407893657684,-0.09354668855667114,-0.002029329538345337,-0.03491142392158508,-0.24089477956295013
ISIC_0060266,249,1,1,0.8836144804954529,0.840381383895874,0.8587439656257629,0.8246292471885681,0.8451855778694153,-0.04323309659957886,-0.02487051486968994,-0.058985233306884766,-0.0384289026260376
ISIC_0068524,249,1,1,0.7249047160148621,0.25686872005462646,0.7409200668334961,0.15910442173480988,0.3672578036785126,-0.4680359959602356,0.016015350818634033,-0.5658002942800522,-0.3576469123363495
ISIC_0070152,249,1,1,0.9326668381690979,0.9303076267242432,0.8503919243812561,0.8987991809844971,0.8718292117118835,-0.0023592114448547363,-0.0822749137878418,-0.03386765718460083,-0.060837626457214355
ISIC_0070237,249,1,0,0.4526340365409851,0.6075430512428284,0.4881053566932678,0.42542099952697754,0.5976654887199402,0.15490901470184326,0.035471320152282715,-0.02721303701400757,0.14503145217895508
ISIC_0065923,249,1,0,0.725911557674408,0.3306313157081604,0.688059389591217,0.7299411296844482,0.45580193400382996,-0.39528024196624756,-0.03785216808319092,0.004029572010040283,-0.270109623670578
ISIC_0053939,249,1,0,0.9379546046257019,0.8952170610427856,0.9102090001106262,0.8043691515922546,0.5170373320579529,-0.04273754358291626,-0.027745604515075684,-0.13358545303344727,-0.420917272567749
ISIC_0064625,249,1,1,0.9067461490631104,0.42073652148246765,0.8987578749656677,0.8922099471092224,0.4811120331287384,-0.4860096275806427,-0.007988274097442627,-0.01453620195388794,-0.42563411593437195
ISIC_0068731,249,1,0,0.9267136454582214,0.7293998599052429,0.9381003975868225,0.9106760025024414,0.6632802486419678,-0.19731378555297852,0.011386752128601074,-0.01603764295578003,-0.26343339681625366
ISIC_0063660,249,1,1,0.764868974685669,0.47270873188972473,0.599380612373352,0.810636043548584,0.24357721209526062,-0.2921602427959442,-0.1654883623123169,0.04576706886291504,-0.5212917625904083
ISIC_0073246,249,1,0,0.9196125268936157,0.12773725390434265,0.9000635147094727,0.9189037680625916,0.11479086428880692,-0.7918752729892731,-0.019549012184143066,-0.0007087588310241699,-0.8048216626048088
ISIC_0068231,249,1,1,0.7876977920532227,0.5449281930923462,0.7117224931716919,0.6928314566612244,0.19189928472042084,-0.24276959896087646,-0.07597529888153076,-0.09486633539199829,-0.5957985073328018
ISIC_0071147,249,1,1,0.5567275285720825,0.29812750220298767,0.2687280476093292,0.5678725242614746,0.18889568746089935,-0.25860002636909485,-0.2879994809627533,0.01114499568939209,-0.36783184111118317
ISIC_0068963,249,1,0,0.6477784514427185,0.450550377368927,0.6276625990867615,0.6132650971412659,0.3659973442554474,-0.1972280740737915,-0.02011585235595703,-0.03451335430145264,-0.2817811071872711
ISIC_0055465,249,1,0,0.8963650465011597,0.8404687643051147,0.8856230974197388,0.8942335247993469,0.7013107538223267,-0.05589628219604492,-0.010741949081420898,-0.002131521701812744,-0.195054292678833
ISIC_0066940,249,1,0,0.9400374293327332,0.5208383798599243,0.9210785031318665,0.928162693977356,0.537520706653595,-0.41919904947280884,-0.0189589262008667,-0.011874735355377197,-0.4025167226791382
ISIC_0053719,249,1,0,0.8736445307731628,0.8731400966644287,0.7996606230735779,0.5945520997047424,0.3280538022518158,-0.0005044341087341309,-0.07398390769958496,-0.2790924310684204,-0.545590728521347
ISIC_0054353,249,1,0,0.6415376663208008,0.1493438333272934,0.6187281012535095,0.6441587805747986,0.15211056172847748,-0.4921938329935074,-0.02280956506729126,0.0026211142539978027,-0.4894271045923233
ISIC_0059160,249,1,1,0.7653314471244812,0.46748828887939453,0.7159494161605835,0.7861258387565613,0.3929392099380493,-0.29784315824508667,-0.049382030963897705,0.020794391632080078,-0.3723922371864319
ISIC_0071035,249,1,1,0.6284869909286499,0.2937510311603546,0.6446769833564758,0.650952160358429,0.2872944176197052,-0.3347359597682953,0.016189992427825928,0.022465169429779053,-0.3411925733089447
ISIC_0067335,249,1,0,0.8373364210128784,0.17307820916175842,0.6898559927940369,0.6404014229774475,0.08450379967689514,-0.66425821185112,-0.14748042821884155,-0.1969349980354309,-0.7528326213359833
ISIC_0059785,249,1,1,0.4888828694820404,0.285051554441452,0.5129619836807251,0.44992029666900635,0.2658701241016388,-0.20383131504058838,0.024079114198684692,-0.03896257281303406,-0.2230127453804016
ISIC_0062762,249,1,0,0.8535770773887634,0.2622351348400116,0.8514958024024963,0.8564938902854919,0.2807249128818512,-0.5913419425487518,-0.00208127498626709,0.0029168128967285156,-0.5728521645069122
ISIC_0072104,249,1,1,0.8209137916564941,0.738848865032196,0.8446169495582581,0.8041287660598755,0.7377403378486633,-0.0820649266242981,0.023703157901763916,-0.016785025596618652,-0.08317345380783081
ISIC_0061279,249,1,0,0.8883146047592163,0.2472570836544037,0.8721346855163574,0.7961120009422302,0.24360527098178864,-0.6410575211048126,-0.016179919242858887,-0.09220260381698608,-0.6447093337774277
ISIC_0054563,249,1,1,0.4816340208053589,0.4137454628944397,0.4744929373264313,0.4936271011829376,0.3557392656803131,-0.06788855791091919,-0.007141083478927612,0.011993080377578735,-0.12589475512504578
ISIC_0059724,249,1,1,0.8880038261413574,0.6589965224266052,0.6988279819488525,0.8851885795593262,0.4884699583053589,-0.2290073037147522,-0.18917584419250488,-0.00281524658203125,-0.39953386783599854
ISIC_0054970,249,1,0,0.9633861780166626,0.384265273809433,0.9586887359619141,0.6233620643615723,0.5152158737182617,-0.5791209042072296,-0.004697442054748535,-0.34002411365509033,-0.4481703042984009
ISIC_0056972,249,1,0,0.6205049157142639,0.35787734389305115,0.5320114493370056,0.6831809282302856,0.4232899248600006,-0.26262757182121277,-0.0884934663772583,0.06267601251602173,-0.1972149908542633
ISIC_0072292,249,1,1,0.40017035603523254,0.4298434555530548,0.2799972593784332,0.23524922132492065,0.5247316360473633,0.029673099517822266,-0.12017309665679932,-0.1649211347103119,0.12456128001213074
ISIC_0063819,249,1,1,0.8599821925163269,0.8558266162872314,0.8525545597076416,0.8479599952697754,0.8840559720993042,-0.004155576229095459,-0.007427632808685303,-0.012022197246551514,0.024073779582977295
ISIC_0072382,249,1,1,0.7660890221595764,0.8049028515815735,0.763796329498291,0.7758746147155762,0.7785293459892273,0.03881382942199707,-0.0022926926612854004,0.009785592555999756,0.012440323829650879
ISIC_0066761,249,1,1,0.9377420544624329,0.9384896159172058,0.8747527599334717,0.932138204574585,0.5297767519950867,0.0007475614547729492,-0.06298929452896118,-0.0056038498878479,-0.4079653024673462
