isic_id,source_collection,label,p_orig,p_full_norm,p_LACN,p_lesion_only,dP_full,dP_LACN,dP_lesion
ISIC_0034677,212,0,0.18114499747753143,0.8783107399940491,0.8413645029067993,0.5802295207977295,0.6971657425165176,0.6602195054292679,0.39908452332019806
ISIC_0031760,212,0,0.47917401790618896,0.7707391977310181,0.7541736364364624,0.6959547996520996,0.2915651798248291,0.27499961853027344,0.21678078174591064
ISIC_0026538,212,0,0.8293901681900024,0.9269989132881165,0.8170377016067505,0.834622323513031,0.09760874509811401,-0.012352466583251953,0.0052321553230285645
ISIC_0034250,212,0,0.5858532190322876,0.6225172877311707,0.7327544689178467,0.766426146030426,0.03666406869888306,0.14690124988555908,0.18057292699813843
ISIC_0027893,212,0,0.8078850507736206,0.8883071541786194,0.8902593851089478,0.8150442242622375,0.08042210340499878,0.08237433433532715,0.007159173488616943
ISIC_0025315,212,0,0.16317646205425262,0.9293262362480164,0.808658242225647,0.6975927948951721,0.7661497741937637,0.6454817801713943,0.5344163328409195
ISIC_0031136,212,0,0.07381723821163177,0.7932252883911133,0.45768430829048157,0.4952368438243866,0.7194080501794815,0.3838670700788498,0.4214196056127548
ISIC_0027766,212,0,0.7005938291549683,0.8852264881134033,0.8155348896980286,0.8713263273239136,0.18463265895843506,0.1149410605430603,0.1707324981689453
ISIC_0033793,212,0,0.7729713320732117,0.8100836873054504,0.7876988649368286,0.7940883636474609,0.03711235523223877,0.014727532863616943,0.021117031574249268
ISIC_0031260,212,0,0.049488674849271774,0.8059331178665161,0.5045958161354065,0.3793485164642334,0.7564444430172443,0.4551071412861347,0.3298598416149616
ISIC_0026208,212,0,0.023547707125544548,0.6599681377410889,0.48965373635292053,0.12617892026901245,0.6364204306155443,0.466106029227376,0.1026312131434679
ISIC_0029629,212,0,0.05464814230799675,0.503121554851532,0.448539674282074,0.2574275732040405,0.44847341254353523,0.3938915319740772,0.20277943089604378
ISIC_0033556,212,0,0.854710578918457,0.8344513773918152,0.865754246711731,0.9048619866371155,-0.020259201526641846,0.011043667793273926,0.05015140771865845
ISIC_0024851,212,0,0.8750145435333252,0.8891512155532837,0.869769811630249,0.803756594657898,0.014136672019958496,-0.005244731903076172,-0.07125794887542725
ISIC_0027481,212,0,0.06088215485215187,0.29626378417015076,0.3021854758262634,0.4092618525028229,0.23538162931799889,0.24130332097411156,0.348379697650671
ISIC_0028138,212,0,0.04840603098273277,0.7186639904975891,0.4878193140029907,0.1684293895959854,0.6702579595148563,0.43941328302025795,0.12002335861325264
ISIC_0031456,212,0,0.0214590635150671,0.5939714908599854,0.37240180373191833,0.11596854776144028,0.5725124273449183,0.35094274021685123,0.09450948424637318
ISIC_0025135,212,0,0.0323789082467556,0.705797016620636,0.4724639058113098,0.5436432361602783,0.6734181083738804,0.4400849975645542,0.5112643279135227
ISIC_0033088,212,0,0.8000357747077942,0.7898165583610535,0.8103828430175781,0.6878910064697266,-0.010219216346740723,0.010347068309783936,-0.11214476823806763
ISIC_0026205,212,0,0.3944965898990631,0.8113192915916443,0.8824024200439453,0.3442791998386383,0.4168227016925812,0.4879058301448822,-0.050217390060424805
ISIC_0027310,212,0,0.7907570600509644,0.7609837055206299,0.8415054082870483,0.741963803768158,-0.029773354530334473,0.050748348236083984,-0.048793256282806396
ISIC_0029752,212,0,0.40182095766067505,0.6089825630187988,0.6414092183113098,0.6414377689361572,0.20716160535812378,0.23958826065063477,0.23961681127548218
ISIC_0025883,212,0,0.7560703158378601,0.687421441078186,0.7908731698989868,0.7511987090110779,-0.06864887475967407,0.03480285406112671,-0.0048716068267822266
ISIC_0031422,212,0,0.6114753484725952,0.6642363667488098,0.7493894100189209,0.745611310005188,0.0527610182762146,0.13791406154632568,0.13413596153259277
ISIC_0032304,212,0,0.8094251751899719,0.8134022951126099,0.8205589652061462,0.800826370716095,0.0039771199226379395,0.011133790016174316,-0.008598804473876953
ISIC_0028986,212,0,0.02284541353583336,0.42835596203804016,0.20845746994018555,0.17472907900810242,0.4055105485022068,0.1856120564043522,0.15188366547226906
ISIC_0031327,212,0,0.1270214170217514,0.8026145100593567,0.3656191825866699,0.4377817213535309,0.6755930930376053,0.23859776556491852,0.3107603043317795
ISIC_0035508,212,0,0.2375650405883789,0.766043484210968,0.6049707531929016,0.6042798161506653,0.5284784436225891,0.3674057126045227,0.3667147755622864
ISIC_0027637,212,0,0.023447692394256592,0.7136702537536621,0.7178346514701843,0.21052587032318115,0.6902225613594055,0.6943869590759277,0.18707817792892456
ISIC_0030790,212,0,0.8767971992492676,0.8482358455657959,0.844436526298523,0.8795881271362305,-0.02856135368347168,-0.03236067295074463,0.0027909278869628906
ISIC_0032089,212,0,0.2091340571641922,0.7150237560272217,0.6860840916633606,0.682218611240387,0.5058896988630295,0.4769500344991684,0.47308455407619476
ISIC_0033214,212,0,0.7825525403022766,0.8868540525436401,0.8090267777442932,0.8213573694229126,0.10430151224136353,0.0264742374420166,0.038804829120635986
ISIC_0026155,212,0,0.04604561626911163,0.642096996307373,0.5290234088897705,0.08330932259559631,0.5960513800382614,0.4829777926206589,0.03726370632648468
ISIC_0026824,212,0,0.4733710289001465,0.6903597116470337,0.6266440153121948,0.5973013043403625,0.2169886827468872,0.15327298641204834,0.12393027544021606
ISIC_0025142,212,0,0.045240432024002075,0.5599312782287598,0.1644333302974701,0.5989357829093933,0.5146908462047577,0.11919289827346802,0.5536953508853912
ISIC_0030411,212,0,0.2791420817375183,0.6648980975151062,0.746619701385498,0.8198206424713135,0.3857560157775879,0.46747761964797974,0.5406785607337952
ISIC_0032753,212,0,0.5928995013237,0.7533233165740967,0.8620443344116211,0.7378107905387878,0.16042381525039673,0.26914483308792114,0.1449112892150879
ISIC_0035488,212,0,0.6034958362579346,0.5691392421722412,0.5631175637245178,0.520461916923523,-0.03435659408569336,-0.04037827253341675,-0.08303391933441162
ISIC_0029733,212,0,0.6278108954429626,0.6731674075126648,0.43363815546035767,0.6964111328125,0.04535651206970215,-0.19417273998260498,0.06860023736953735
ISIC_0026785,212,0,0.06005217134952545,0.5121159553527832,0.31770527362823486,0.21869303286075592,0.45206378400325775,0.2576531022787094,0.15864086151123047
ISIC_0029355,212,0,0.8157722353935242,0.8179792761802673,0.8034524321556091,0.8386943936347961,0.002207040786743164,-0.012319803237915039,0.022922158241271973
ISIC_0027918,212,0,0.14358727633953094,0.7559707164764404,0.663197934627533,0.445576012134552,0.6123834401369095,0.519610658288002,0.30198873579502106
ISIC_0030338,212,0,0.03867403790354729,0.584656298160553,0.5014572143554688,0.1876186728477478,0.5459822602570057,0.46278317645192146,0.14894463494420052
ISIC_0032040,212,0,0.8174473643302917,0.8518697619438171,0.8430116772651672,0.8237971663475037,0.03442239761352539,0.02556431293487549,0.006349802017211914
ISIC_0031483,212,0,0.42450767755508423,0.326876699924469,0.4964849054813385,0.4914548695087433,-0.09763097763061523,0.07197722792625427,0.06694719195365906
ISIC_0027226,212,0,0.8294678926467896,0.7959375381469727,0.8540865182876587,0.7899547815322876,-0.033530354499816895,0.02461862564086914,-0.03951311111450195
ISIC_0026969,212,0,0.03762029483914375,0.6871157288551331,0.5853452086448669,0.346226304769516,0.6494954340159893,0.5477249138057232,0.30860600993037224
ISIC_0030249,212,1,0.9113430976867676,0.9235247373580933,0.4854832589626312,0.784098207950592,0.012181639671325684,-0.42585983872413635,-0.12724488973617554
ISIC_0028994,212,1,0.9147065281867981,0.8544179797172546,0.8498671054840088,0.8582125306129456,-0.06028854846954346,-0.0648394227027893,-0.05649399757385254
ISIC_0031041,212,1,0.9588063359260559,0.9588920474052429,0.9585715532302856,0.9574229717254639,8.571147918701172e-05,-0.00023478269577026367,-0.001383364200592041
ISIC_0035767,212,1,0.76009202003479,0.7423941493034363,0.7634042501449585,0.7190219163894653,-0.01769787073135376,0.003312230110168457,-0.04107010364532471
ISIC_0035376,212,1,0.9462980628013611,0.9476035237312317,0.924679696559906,0.9426289796829224,0.0013054609298706055,-0.021618366241455078,-0.0036690831184387207
ISIC_0028542,212,1,0.9187697768211365,0.8842688798904419,0.8723077178001404,0.8738346099853516,-0.03450089693069458,-0.046462059020996094,-0.04493516683578491
ISIC_0033366,212,1,0.8049957752227783,0.7735191583633423,0.7451772093772888,0.8019812107086182,-0.031476616859436035,-0.0598185658454895,-0.0030145645141601562
ISIC_0024595,212,1,0.9428901672363281,0.9418700933456421,0.9328396320343018,0.9520859122276306,-0.0010200738906860352,-0.010050535202026367,0.00919574499130249
ISIC_0032441,212,1,0.8576282858848572,0.9006844758987427,0.902911901473999,0.8539327383041382,0.0430561900138855,0.045283615589141846,-0.003695547580718994
ISIC_0034605,212,1,0.9114614129066467,0.9348809123039246,0.9551371932029724,0.7685084342956543,0.023419499397277832,0.043675780296325684,-0.14295297861099243
ISIC_0034888,212,1,0.9040089249610901,0.9122137427330017,0.8804418444633484,0.9228643178939819,0.008204817771911621,-0.0235670804977417,0.018855392932891846
ISIC_0035663,212,1,0.8774923086166382,0.8912830352783203,0.8715429902076721,0.7995211482048035,0.013790726661682129,-0.0059493184089660645,-0.07797116041183472
ISIC_0025301,212,1,0.9223565459251404,0.9570887088775635,0.9214847087860107,0.9237810373306274,0.034732162952423096,-0.0008718371391296387,0.0014244914054870605
ISIC_0032313,212,1,0.8784765601158142,0.8772992491722107,0.9440234899520874,0.8764595985412598,-0.0011773109436035156,0.0655469298362732,-0.0020169615745544434
ISIC_0032841,212,1,0.8195281028747559,0.8394283652305603,0.8550405502319336,0.8342021107673645,0.019900262355804443,0.035512447357177734,0.014674007892608643
ISIC_0034906,212,1,0.981704831123352,0.9827991127967834,0.9700478315353394,0.9547774791717529,0.0010942816734313965,-0.011656999588012695,-0.02692735195159912
ISIC_0035756,212,1,0.9132439494132996,0.9094660878181458,0.9181867241859436,0.806189775466919,-0.0037778615951538086,0.004942774772644043,-0.10705417394638062
ISIC_0035708,212,1,0.8487393856048584,0.8678604364395142,0.8638570308685303,0.8416882157325745,0.01912105083465576,0.015117645263671875,-0.0070511698722839355
ISIC_0033619,212,1,0.8377225995063782,0.7399004697799683,0.8821112513542175,0.873984694480896,-0.09782212972640991,0.044388651847839355,0.03626209497451782
ISIC_0026522,212,1,0.9526523351669312,0.9187244176864624,0.9475751519203186,0.9241132140159607,-0.03392791748046875,-0.005077183246612549,-0.02853912115097046
ISIC_0027359,212,1,0.9080381393432617,0.8830249309539795,0.92781001329422,0.8704252243041992,-0.025013208389282227,0.019771873950958252,-0.0376129150390625
ISIC_0027229,212,1,0.8105165362358093,0.8547144532203674,0.8718790411949158,0.8405166268348694,0.044197916984558105,0.061362504959106445,0.03000009059906006
ISIC_0024799,212,1,0.8756299018859863,0.9315108060836792,0.9166624546051025,0.8339009284973145,0.05588090419769287,0.04103255271911621,-0.041728973388671875
ISIC_0028763,212,1,0.9449299573898315,0.8708479404449463,0.9201904535293579,0.8744453191757202,-0.07408201694488525,-0.024739503860473633,-0.07048463821411133
ISIC_0031266,212,1,0.8430719375610352,0.8345128297805786,0.8198064565658569,0.8366800546646118,-0.008559107780456543,-0.023265480995178223,-0.00639188289642334
ISIC_0029602,212,1,0.9333773851394653,0.932087242603302,0.8113692402839661,0.7847612500190735,-0.00129014253616333,-0.12200814485549927,-0.14861613512039185
ISIC_0031489,212,1,0.8955946564674377,0.8994913697242737,0.9038764238357544,0.8413766622543335,0.0038967132568359375,0.00828176736831665,-0.05421799421310425
ISIC_0025069,212,1,0.8549923896789551,0.8939933776855469,0.9324473738670349,0.9125743508338928,0.0390009880065918,0.07745498418807983,0.057581961154937744
ISIC_0029860,212,1,0.9506071209907532,0.9416970610618591,0.9277755618095398,0.9287681579589844,-0.008910059928894043,-0.02283155918121338,-0.0218389630317688
ISIC_0028232,212,1,0.8880099058151245,0.9268811345100403,0.8987919688224792,0.7971578240394592,0.03887122869491577,0.010782063007354736,-0.09085208177566528
ISIC_0029669,212,1,0.951262891292572,0.7831466794013977,0.7493802905082703,0.8599498867988586,-0.16811621189117432,-0.20188260078430176,-0.09131300449371338
ISIC_0030191,212,1,0.9558699131011963,0.9494378566741943,0.9124000668525696,0.8893206119537354,-0.006432056427001953,-0.04346984624862671,-0.06654930114746094
ISIC_0031063,212,1,0.9560179114341736,0.9728067517280579,0.9762536883354187,0.9790720343589783,0.016788840293884277,0.020235776901245117,0.023054122924804688
ISIC_0024967,212,1,0.9076688885688782,0.9155991673469543,0.9291639924049377,0.8269343972206116,0.007930278778076172,0.02149510383605957,-0.0807344913482666
ISIC_0028685,212,1,0.9460073709487915,0.9605547189712524,0.9318521022796631,0.9102964997291565,0.014547348022460938,-0.014155268669128418,-0.03571087121963501
ISIC_0031087,212,1,0.9834381937980652,0.9687582850456238,0.9734131693840027,0.9740543961524963,-0.014679908752441406,-0.0100250244140625,-0.009383797645568848
ISIC_0035853,212,1,0.66075599193573,0.8298145532608032,0.846657931804657,0.6915510296821594,0.16905856132507324,0.185901939868927,0.030795037746429443
ISIC_0032816,212,1,0.8047971725463867,0.8384312987327576,0.8770954012870789,0.7809651494026184,0.03363412618637085,0.07229822874069214,-0.02383202314376831
ISIC_0025265,212,1,0.878553569316864,0.8819319605827332,0.8764782547950745,0.8722248673439026,0.0033783912658691406,-0.0020753145217895508,-0.006328701972961426
ISIC_0027846,212,1,0.930809736251831,0.9578918814659119,0.9467580914497375,0.8943315148353577,0.02708214521408081,0.015948355197906494,-0.03647822141647339
ISIC_0033023,212,1,0.9281045198440552,0.9217451214790344,0.9367819428443909,0.9244564771652222,-0.006359398365020752,0.008677423000335693,-0.003648042678833008
ISIC_0030929,212,1,0.8823647499084473,0.9400882720947266,0.9345517158508301,0.9257661700248718,0.0577235221862793,0.05218696594238281,0.04340142011642456
ISIC_0035130,212,1,0.785071611404419,0.8051362037658691,0.8074245452880859,0.8711109757423401,0.020064592361450195,0.022352933883666992,0.08603936433792114
ISIC_0035446,212,1,0.8956535458564758,0.8671489953994751,0.8830750584602356,0.8575735688209534,-0.028504550457000732,-0.012578487396240234,-0.03807997703552246
ISIC_0030486,212,1,0.9237561225891113,0.7854912877082825,0.7870132327079773,0.8850101232528687,-0.13826483488082886,-0.13674288988113403,-0.038745999336242676
ISIC_0027328,212,1,0.9196871519088745,0.9480680227279663,0.9210907220840454,0.9045521020889282,0.028380870819091797,0.0014035701751708984,-0.015135049819946289
ISIC_0027004,212,1,0.8398870825767517,0.8856857419013977,0.9313191771507263,0.8060788512229919,0.045798659324645996,0.09143209457397461,-0.033808231353759766
ISIC_0026687,212,1,0.9786326289176941,0.9543715119361877,0.9571435451507568,0.9777284264564514,-0.024261116981506348,-0.021489083766937256,-0.0009042024612426758
ISIC_0035089,212,1,0.8345468044281006,0.822802722454071,0.826123058795929,0.828298032283783,-0.011744081974029541,-0.00842374563217163,-0.006248772144317627
ISIC_0034416,212,1,0.9657392501831055,0.968808114528656,0.9413007497787476,0.9475080370903015,0.003068864345550537,-0.02443850040435791,-0.018231213092803955
ISIC_2691267,70,0,0.5673105716705322,0.5602768063545227,0.6167369484901428,0.6172897815704346,-0.0070337653160095215,0.049426376819610596,0.049979209899902344
ISIC_7150493,70,0,0.7957795262336731,0.8070709109306335,0.8030114769935608,0.8234760165214539,0.01129138469696045,0.007231950759887695,0.02769649028778076
ISIC_1620808,70,0,0.7004625797271729,0.6838670372962952,0.6344018578529358,0.6552776098251343,-0.016595542430877686,-0.06606072187423706,-0.045184969902038574
ISIC_7056760,70,0,0.5841887593269348,0.45897066593170166,0.39459988474845886,0.5222527980804443,-0.12521809339523315,-0.18958887457847595,-0.06193596124649048
ISIC_7435292,70,0,0.8107221722602844,0.8422853350639343,0.783843457698822,0.7663732767105103,0.0315631628036499,-0.026878714561462402,-0.04434889554977417
ISIC_2329722,70,0,0.5596688389778137,0.5809621810913086,0.5000391006469727,0.6706973314285278,0.021293342113494873,-0.059629738330841064,0.11102849245071411
ISIC_0610141,70,0,0.8615669012069702,0.8893616199493408,0.8287533521652222,0.7937163710594177,0.027794718742370605,-0.03281354904174805,-0.06785053014755249
ISIC_4848012,70,0,0.04391412436962128,0.5515344142913818,0.459232896566391,0.0426662415266037,0.5076202899217606,0.4153187721967697,-0.0012478828430175781
ISIC_3969181,70,0,0.793480634689331,0.6516290903091431,0.6837104558944702,0.6392245888710022,-0.141851544380188,-0.10977017879486084,-0.15425604581832886
ISIC_2891834,70,0,0.7979841232299805,0.8179016709327698,0.8126446604728699,0.758179783821106,0.019917547702789307,0.014660537242889404,-0.03980433940887451
ISIC_7069003,70,0,0.958042323589325,0.9344378113746643,0.9466300010681152,0.9440041780471802,-0.023604512214660645,-0.011412322521209717,-0.014038145542144775
ISIC_3700351,70,0,0.5286309123039246,0.6284316182136536,0.6576488614082336,0.48697975277900696,0.099800705909729,0.12901794910430908,-0.0416511595249176
ISIC_4718313,70,0,0.4952957332134247,0.5769131779670715,0.6138651371002197,0.6021152138710022,0.08161744475364685,0.11856940388679504,0.10681948065757751
ISIC_3039519,70,0,0.8446369171142578,0.7720069289207458,0.7894318103790283,0.8639610409736633,-0.07262998819351196,-0.05520510673522949,0.019324123859405518
ISIC_2041726,70,0,0.8242089748382568,0.6838266849517822,0.5900061130523682,0.83218914270401,-0.1403822898864746,-0.23420286178588867,0.007980167865753174
ISIC_5380914,70,0,0.5139488577842712,0.5595428943634033,0.6817304491996765,0.42320048809051514,0.04559403657913208,0.16778159141540527,-0.0907483696937561
ISIC_6427761,70,0,0.652931272983551,0.7097538709640503,0.8609307408332825,0.7604496479034424,0.05682259798049927,0.20799946784973145,0.10751837491989136
ISIC_0413901,70,0,0.7558537125587463,0.4606301784515381,0.5948308706283569,0.7331092357635498,-0.29522353410720825,-0.1610228419303894,-0.022744476795196533
ISIC_6155981,70,0,0.7548506259918213,0.6356332898139954,0.6357665657997131,0.7595605254173279,-0.11921733617782593,-0.11908406019210815,0.004709899425506592
ISIC_1655600,70,0,0.7482718825340271,0.709245502948761,0.7459985017776489,0.7544767260551453,-0.03902637958526611,-0.002273380756378174,0.006204843521118164
ISIC_7936961,70,0,0.7524492144584656,0.727522611618042,0.7380136847496033,0.8478549122810364,-0.024926602840423584,-0.014435529708862305,0.0954056978225708
ISIC_9110426,70,0,0.8059197664260864,0.7585904002189636,0.7066304683685303,0.7725889682769775,-0.0473293662071228,-0.09928929805755615,-0.03333079814910889
ISIC_6773319,70,0,0.035970207303762436,0.5978783965110779,0.5105590224266052,0.07434277981519699,0.5619081892073154,0.4745888151228428,0.038372572511434555
ISIC_9483439,70,0,0.6372162699699402,0.628570020198822,0.6980023384094238,0.6813110113143921,-0.008646249771118164,0.06078606843948364,0.044094741344451904
ISIC_7235862,70,0,0.04228851571679115,0.49853065609931946,0.5987963676452637,0.24077658355236053,0.4562421403825283,0.5565078519284725,0.19848806783556938
ISIC_9905633,70,0,0.7134138941764832,0.6904056668281555,0.6637281775474548,0.6936505436897278,-0.023008227348327637,-0.04968571662902832,-0.01976335048675537
ISIC_1307651,70,0,0.775510847568512,0.7689895033836365,0.7105619311332703,0.7750602960586548,-0.006521344184875488,-0.0649489164352417,-0.00045055150985717773
ISIC_3362526,70,0,0.24825124442577362,0.7628920078277588,0.82464200258255,0.40387779474258423,0.5146407634019852,0.5763907581567764,0.1556265503168106
ISIC_1382198,70,0,0.5478155016899109,0.3788154125213623,0.4668525755405426,0.46202734112739563,-0.16900008916854858,-0.08096292614936829,-0.08578816056251526
ISIC_3756374,70,0,0.39450326561927795,0.4633633494377136,0.5072020292282104,0.3600535988807678,0.06886008381843567,0.1126987636089325,-0.03444966673851013
ISIC_4962984,70,0,0.28140851855278015,0.7361964583396912,0.7073627710342407,0.42895326018333435,0.454787939786911,0.42595425248146057,0.1475447416305542
ISIC_6385074,70,0,0.7273841500282288,0.6216612458229065,0.6316868662834167,0.7130796909332275,-0.10572290420532227,-0.09569728374481201,-0.01430445909500122
ISIC_0247964,70,0,0.6600443720817566,0.623197078704834,0.5745230913162231,0.6685498356819153,-0.03684729337692261,-0.08552128076553345,0.008505463600158691
ISIC_8302945,70,0,0.0377618744969368,0.4041685163974762,0.2170589119195938,0.14267794787883759,0.3664066419005394,0.179297037422657,0.10491607338190079
ISIC_2426893,70,0,0.06381337344646454,0.6432957053184509,0.24073943495750427,0.11659684777259827,0.5794823318719864,0.17692606151103973,0.05278347432613373
ISIC_3432947,70,0,0.7905745506286621,0.7895373702049255,0.7793654203414917,0.7871612310409546,-0.0010371804237365723,-0.01120913028717041,-0.0034133195877075195
ISIC_7148289,70,0,0.43535926938056946,0.8757185935974121,0.772210419178009,0.7106104493141174,0.44035932421684265,0.3368511497974396,0.275251179933548
ISIC_2784965,70,0,0.7849035263061523,0.7040415406227112,0.618546724319458,0.7215089797973633,-0.08086198568344116,-0.16635680198669434,-0.06339454650878906
ISIC_6108555,70,0,0.8548996448516846,0.7486186027526855,0.7705286145210266,0.8298762440681458,-0.10628104209899902,-0.08437103033065796,-0.02502340078353882
ISIC_8653749,70,0,0.6332065463066101,0.7905169129371643,0.6687119007110596,0.587116539478302,0.1573103666305542,0.03550535440444946,-0.046090006828308105
ISIC_1313659,70,0,0.18429233133792877,0.47765013575553894,0.29335886240005493,0.5863585472106934,0.29335780441761017,0.10906653106212616,0.4020662158727646
ISIC_5290109,70,0,0.6207441091537476,0.6736493110656738,0.7237530946731567,0.6243389248847961,0.05290520191192627,0.10300898551940918,0.003594815731048584
ISIC_7641395,70,0,0.7974337935447693,0.7703120112419128,0.7546036839485168,0.8358862996101379,-0.027121782302856445,-0.04283010959625244,0.03845250606536865
ISIC_1688271,70,0,0.27105990052223206,0.7353251576423645,0.6916826963424683,0.48618370294570923,0.46426525712013245,0.4206227958202362,0.21512380242347717
ISIC_0679553,70,0,0.8286614418029785,0.7859199047088623,0.7863010764122009,0.7993540167808533,-0.04274153709411621,-0.04236036539077759,-0.029307425022125244
ISIC_0855990,70,0,0.2543781101703644,0.723002016544342,0.7325878739356995,0.25077977776527405,0.46862390637397766,0.4782097637653351,-0.003598332405090332
ISIC_8715507,70,0,0.6732707619667053,0.7821318507194519,0.7543336153030396,0.7229130864143372,0.10886108875274658,0.08106285333633423,0.049642324447631836
ISIC_2371033,70,0,0.42332613468170166,0.5197306871414185,0.5687770843505859,0.5667070746421814,0.0964045524597168,0.14545094966888428,0.14338093996047974
ISIC_8068693,70,1,0.6339138746261597,0.5559341907501221,0.7766904830932617,0.3929067552089691,-0.0779796838760376,0.14277660846710205,-0.24100711941719055
ISIC_7074321,70,1,0.5678378939628601,0.7561500668525696,0.7375018000602722,0.6896326541900635,0.18831217288970947,0.1696639060974121,0.12179476022720337
ISIC_8789051,70,1,0.9578508734703064,0.9662407040596008,0.9472060203552246,0.9479620456695557,0.008389830589294434,-0.010644853115081787,-0.009888827800750732
ISIC_7520843,70,1,0.6957278847694397,0.7556993365287781,0.7435635924339294,0.789339542388916,0.05997145175933838,0.047835707664489746,0.09361165761947632
ISIC_7371801,70,1,0.39503899216651917,0.8565976023674011,0.751182496547699,0.506800651550293,0.46155861020088196,0.3561435043811798,0.1117616593837738
ISIC_8011058,70,1,0.7862780690193176,0.7772902250289917,0.7798282504081726,0.8224331140518188,-0.008987843990325928,-0.0064498186111450195,0.03615504503250122
ISIC_5191344,70,1,0.7925682663917542,0.7986771464347839,0.7563192844390869,0.6639528870582581,0.006108880043029785,-0.036248981952667236,-0.1286153793334961
ISIC_3775417,70,1,0.6483868360519409,0.6648797392845154,0.8358684182167053,0.6413712501525879,0.016492903232574463,0.1874815821647644,-0.007015585899353027
ISIC_9910791,70,1,0.8457626700401306,0.872803807258606,0.8728707432746887,0.7833483219146729,0.027041137218475342,0.027108073234558105,-0.062414348125457764
ISIC_4425322,70,1,0.6857525706291199,0.7905399203300476,0.8214260339736938,0.7021431922912598,0.10478734970092773,0.13567346334457397,0.016390621662139893
ISIC_4000481,70,1,0.7904068827629089,0.9264896512031555,0.9051249027252197,0.8975671529769897,0.13608276844024658,0.11471801996231079,0.10716027021408081
ISIC_7372719,70,1,0.9144617319107056,0.7738462686538696,0.8352029323577881,0.8942810893058777,-0.14061546325683594,-0.07925879955291748,-0.02018064260482788
ISIC_6927840,70,1,0.2934226989746094,0.750937819480896,0.4584156274795532,0.7267409563064575,0.4575151205062866,0.16499292850494385,0.43331825733184814
ISIC_1870415,70,1,0.3909425735473633,0.5392597913742065,0.5873885750770569,0.4143657684326172,0.14831721782684326,0.1964460015296936,0.023423194885253906
ISIC_0624498,70,1,0.782660722732544,0.6939632892608643,0.7208141684532166,0.5135318040847778,-0.08869743347167969,-0.06184655427932739,-0.2691289186477661
ISIC_6971606,70,1,0.63137286901474,0.6404905319213867,0.7097459435462952,0.6313242316246033,0.009117662906646729,0.07837307453155518,-4.863739013671875e-05
ISIC_2720971,70,1,0.050841812044382095,0.8023771643638611,0.2985924780368805,0.12690933048725128,0.751535352319479,0.2477506659924984,0.07606751844286919
ISIC_3025889,70,1,0.9016067981719971,0.9051197171211243,0.9053731560707092,0.8708235025405884,0.0035129189491271973,0.003766357898712158,-0.03078329563140869
ISIC_8621568,70,1,0.18068519234657288,0.5966598391532898,0.49933212995529175,0.68063884973526,0.4159746468067169,0.31864693760871887,0.49995365738868713
ISIC_5673518,70,1,0.19923651218414307,0.8217020034790039,0.6981412172317505,0.29557299613952637,0.6224654912948608,0.4989047050476074,0.0963364839553833
ISIC_7914631,70,1,0.3158077299594879,0.5014541149139404,0.60298752784729,0.5819655060768127,0.18564638495445251,0.2871797978878021,0.26615777611732483
ISIC_7295035,70,1,0.6858662366867065,0.6920392513275146,0.664067804813385,0.6471157670021057,0.0061730146408081055,-0.021798431873321533,-0.03875046968460083
ISIC_5797062,70,1,0.8766217827796936,0.9231962561607361,0.9096747040748596,0.8613682389259338,0.04657447338104248,0.033052921295166016,-0.015253543853759766
ISIC_2182856,70,1,0.6549968719482422,0.6276757717132568,0.7336531281471252,0.5333384275436401,-0.02732110023498535,0.07865625619888306,-0.12165844440460205
ISIC_2311665,70,1,0.7833215594291687,0.8769581317901611,0.8400666117668152,0.7281007170677185,0.09363657236099243,0.056745052337646484,-0.055220842361450195
ISIC_0275828,70,1,0.20583078265190125,0.8692869544029236,0.6333708763122559,0.6890316009521484,0.6634561717510223,0.4275400936603546,0.4832008183002472
ISIC_9685931,70,1,0.4610195755958557,0.5711709856987,0.5909743309020996,0.4076482951641083,0.11015141010284424,0.1299547553062439,-0.053371280431747437
ISIC_7466678,70,1,0.8027047514915466,0.8344411253929138,0.8215201497077942,0.8302329182624817,0.03173637390136719,0.01881539821624756,0.02752816677093506
ISIC_0952472,70,1,0.720974326133728,0.9422785043716431,0.9028170108795166,0.743151843547821,0.22130417823791504,0.18184268474578857,0.022177517414093018
ISIC_1330008,70,1,0.43562161922454834,0.7419637441635132,0.6753280162811279,0.5871291756629944,0.30634212493896484,0.2397063970565796,0.15150755643844604
ISIC_6713432,70,1,0.08108824491500854,0.845280110836029,0.7739260196685791,0.4359656274318695,0.7641918659210205,0.6928377747535706,0.35487738251686096
ISIC_8450656,70,1,0.229507714509964,0.5860663056373596,0.4819592535495758,0.4156017601490021,0.35655859112739563,0.2524515390396118,0.18609404563903809
ISIC_9754098,70,1,0.10414823889732361,0.7598516345024109,0.7367473244667053,0.6277000308036804,0.6557033956050873,0.6325990855693817,0.5235517919063568
ISIC_6392461,70,1,0.4909919798374176,0.7914756536483765,0.7407168745994568,0.5400364995002747,0.30048367381095886,0.24972489476203918,0.049044519662857056
ISIC_0273046,70,1,0.0879291370511055,0.8149213194847107,0.6562950015068054,0.3364747166633606,0.7269921824336052,0.5683658644556999,0.2485455796122551
ISIC_9053910,70,1,0.9291350245475769,0.9468733668327332,0.9362401962280273,0.8975483179092407,0.01773834228515625,0.0071051716804504395,-0.03158670663833618
ISIC_6688417,70,1,0.7776763439178467,0.8355274796485901,0.7839727997779846,0.7760450839996338,0.05785113573074341,0.0062964558601379395,-0.0016312599182128906
ISIC_7546219,70,1,0.7176722288131714,0.8069620132446289,0.7560926675796509,0.8653873205184937,0.08928978443145752,0.03842043876647949,0.14771509170532227
ISIC_4938994,70,1,0.7649049162864685,0.7844827771186829,0.7782705426216125,0.7208667993545532,0.019577860832214355,0.013365626335144043,-0.04403811693191528
ISIC_5576354,70,1,0.4827168881893158,0.9115484952926636,0.8072875142097473,0.6712268590927124,0.4288316071033478,0.3245706260204315,0.1885099709033966
ISIC_3097354,70,1,0.67840576171875,0.7598759531974792,0.7374629974365234,0.7814949750900269,0.08147019147872925,0.05905723571777344,0.10308921337127686
ISIC_2979268,70,1,0.8600093126296997,0.7897494435310364,0.7912250757217407,0.854584813117981,-0.07025986909866333,-0.06878423690795898,-0.00542449951171875
ISIC_6784593,70,1,0.7521200180053711,0.7959161996841431,0.7197075486183167,0.8572363257408142,0.04379618167877197,-0.03241246938705444,0.10511630773544312
ISIC_1375476,70,1,0.48014798760414124,0.7444726228713989,0.5962523818016052,0.6782921552658081,0.2643246352672577,0.11610439419746399,0.19814416766166687
ISIC_4377208,70,1,0.674305260181427,0.7523267865180969,0.8136826157569885,0.694774329662323,0.07802152633666992,0.13937735557556152,0.020469069480895996
ISIC_1729223,70,1,0.8742854595184326,0.8713741302490234,0.8632710576057434,0.8818705081939697,-0.0029113292694091797,-0.011014401912689209,0.007585048675537109
ISIC_0062783,249,0,0.6669730544090271,0.738623857498169,0.6872926950454712,0.7480507493019104,0.07165080308914185,0.020319640636444092,0.0810776948928833
ISIC_0057443,249,0,0.48610442876815796,0.7772451639175415,0.6435190439224243,0.6789067387580872,0.29114073514938354,0.15741461515426636,0.1928023099899292
ISIC_0064896,249,0,0.6419124007225037,0.6477740406990051,0.6485447287559509,0.6674060821533203,0.005861639976501465,0.006632328033447266,0.02549368143081665
ISIC_0064012,249,0,0.41006332635879517,0.6838161945343018,0.5291262865066528,0.5406017899513245,0.2737528681755066,0.11906296014785767,0.1305384635925293
ISIC_0056869,249,0,0.4890705347061157,0.6497218012809753,0.725153923034668,0.47245219349861145,0.16065126657485962,0.23608338832855225,-0.016618341207504272
ISIC_0063186,249,0,0.41388583183288574,0.6855026483535767,0.5201407074928284,0.6508107781410217,0.2716168165206909,0.10625487565994263,0.236924946308136
ISIC_0070884,249,0,0.43707165122032166,0.5538392663002014,0.6476821303367615,0.37685614824295044,0.11676761507987976,0.21061047911643982,-0.060215502977371216
ISIC_0063841,249,0,0.1784358024597168,0.24023465812206268,0.3200741112232208,0.4846445620059967,0.061798855662345886,0.14163830876350403,0.3062087595462799
ISIC_0067760,249,0,0.6852986812591553,0.7490686178207397,0.7575551271438599,0.6910994052886963,0.06376993656158447,0.07225644588470459,0.005800724029541016
ISIC_0059710,249,0,0.8980138897895813,0.9152610301971436,0.8827444911003113,0.8769710063934326,0.017247140407562256,-0.01526939868927002,-0.02104288339614868
ISIC_0056135,249,0,0.7527751922607422,0.7089712023735046,0.7125408053398132,0.6649631857872009,-0.04380398988723755,-0.040234386920928955,-0.08781200647354126
ISIC_0064708,249,0,0.8303092122077942,0.8871681690216064,0.9227402806282043,0.8314937949180603,0.056858956813812256,0.09243106842041016,0.0011845827102661133
ISIC_0053466,249,0,0.6369019150733948,0.7016773819923401,0.48028621077537537,0.5564024448394775,0.06477546691894531,-0.1566157042980194,-0.08049947023391724
ISIC_0061537,249,0,0.8775941133499146,0.8392725586891174,0.8297905325889587,0.8526356220245361,-0.03832155466079712,-0.04780358076095581,-0.024958491325378418
ISIC_0070202,249,0,0.5849527716636658,0.7487012147903442,0.712153434753418,0.5112711191177368,0.16374844312667847,0.1272006630897522,-0.07368165254592896
ISIC_0060584,249,0,0.8307033181190491,0.8520045280456543,0.818777322769165,0.7697177529335022,0.021301209926605225,-0.011925995349884033,-0.060985565185546875
ISIC_0066235,249,0,0.30103012919425964,0.748034656047821,0.669469952583313,0.564737856388092,0.4470045268535614,0.36843982338905334,0.2637077271938324
ISIC_0072949,249,0,0.5926454663276672,0.7738221287727356,0.6469066739082336,0.4004465937614441,0.18117666244506836,0.054261207580566406,-0.19219887256622314
ISIC_0062044,249,0,0.3410857915878296,0.9308896660804749,0.5574609041213989,0.8015294075012207,0.5898038744926453,0.21637511253356934,0.4604436159133911
ISIC_0058141,249,0,0.7471815943717957,0.7918612957000732,0.8418428301811218,0.7152458429336548,0.04467970132827759,0.09466123580932617,-0.03193575143814087
ISIC_0072960,249,0,0.6689583659172058,0.7511840462684631,0.6916874647140503,0.6707037687301636,0.08222568035125732,0.022729098796844482,0.0017454028129577637
ISIC_0061924,249,0,0.7646366953849792,0.7462252378463745,0.7367218136787415,0.6888256072998047,-0.018411457538604736,-0.027914881706237793,-0.07581108808517456
ISIC_0070208,249,0,0.4932990074157715,0.6364842653274536,0.6977001428604126,0.4794195890426636,0.14318525791168213,0.2044011354446411,-0.01387941837310791
ISIC_0054812,249,0,0.7763981819152832,0.8014765381813049,0.7911402583122253,0.7521775960922241,0.02507835626602173,0.014742076396942139,-0.024220585823059082
ISIC_0055283,249,0,0.5793284773826599,0.7480552792549133,0.743373453617096,0.5513002872467041,0.16872680187225342,0.16404497623443604,-0.02802819013595581
ISIC_0058233,249,0,0.07079582661390305,0.6138720512390137,0.4159976840019226,0.10808485001325607,0.5430762246251106,0.34520185738801956,0.03728902339935303
ISIC_0072170,249,0,0.5687894225120544,0.845211386680603,0.6259370446205139,0.7401237487792969,0.2764219641685486,0.05714762210845947,0.17133432626724243
ISIC_0065383,249,0,0.6836062073707581,0.8392466902732849,0.7691919803619385,0.6635165810585022,0.15564048290252686,0.08558577299118042,-0.02008962631225586
ISIC_0073006,249,0,0.615925669670105,0.7469393014907837,0.5862427353858948,0.6803488731384277,0.1310136318206787,-0.029682934284210205,0.06442320346832275
ISIC_0071356,249,0,0.5327149629592896,0.6767310500144958,0.6417038440704346,0.538703441619873,0.1440160870552063,0.10898888111114502,0.005988478660583496
ISIC_0073031,249,0,0.7755771279335022,0.785011887550354,0.7805168628692627,0.861491322517395,0.009434759616851807,0.004939734935760498,0.08591419458389282
ISIC_0068344,249,0,0.6566007733345032,0.8231072425842285,0.4281788766384125,0.7398540377616882,0.16650646924972534,-0.2284218966960907,0.08325326442718506
ISIC_0071171,249,0,0.28029629588127136,0.7347618341445923,0.5636141896247864,0.4618365168571472,0.4544655382633209,0.283317893743515,0.18154022097587585
ISIC_0067408,249,0,0.7217220067977905,0.8042054176330566,0.7517184019088745,0.5245746970176697,0.08248341083526611,0.029996395111083984,-0.19714730978012085
ISIC_0058846,249,0,0.5761051177978516,0.5641893744468689,0.6703420877456665,0.634304940700531,-0.011915743350982666,0.09423696994781494,0.05819982290267944
ISIC_0073150,249,0,0.5770472884178162,0.7702212929725647,0.5131107568740845,0.5915231704711914,0.19317400455474854,-0.06393653154373169,0.014475882053375244
ISIC_0071919,249,0,0.8314210176467896,0.8937940001487732,0.8940119743347168,0.8652744293212891,0.06237298250198364,0.06259095668792725,0.03385341167449951
ISIC_0069019,249,0,0.6041294932365417,0.7663321495056152,0.7616550326347351,0.57627934217453,0.1622026562690735,0.15752553939819336,-0.02785015106201172
ISIC_0073080,249,0,0.39859041571617126,0.7509674429893494,0.5927817225456238,0.8065716624259949,0.3523770272731781,0.19419130682945251,0.4079812467098236
ISIC_0060632,249,0,0.4102499783039093,0.7150084376335144,0.41473230719566345,0.613309383392334,0.3047584593296051,0.00448232889175415,0.20305940508842468
ISIC_0066383,249,0,0.4370618164539337,0.741481363773346,0.6351476907730103,0.6245623230934143,0.30441954731941223,0.19808587431907654,0.1875005066394806
ISIC_0065274,249,0,0.4196041226387024,0.7173343300819397,0.724968433380127,0.46277981996536255,0.2977302074432373,0.30536431074142456,0.043175697326660156
ISIC_0053998,249,0,0.4230266809463501,0.6282172203063965,0.4190109670162201,0.5899686217308044,0.2051905393600464,-0.004015713930130005,0.16694194078445435
ISIC_0053647,249,0,0.7261772155761719,0.8065845966339111,0.7485784292221069,0.7457343339920044,0.08040738105773926,0.02240121364593506,0.01955711841583252
ISIC_0056571,249,1,0.79768306016922,0.7680210471153259,0.8175162076950073,0.7073609828948975,-0.029662013053894043,0.019833147525787354,-0.09032207727432251
ISIC_0068909,249,1,0.9029780030250549,0.9650601744651794,0.8987473845481873,0.8944356441497803,0.06208217144012451,-0.004230618476867676,-0.008542358875274658
ISIC_0057242,249,1,0.7932834029197693,0.7169319987297058,0.820221483707428,0.7277357578277588,-0.07635140419006348,0.02693808078765869,-0.0655476450920105
ISIC_0061185,249,1,0.7086424827575684,0.8276361227035522,0.7844462990760803,0.7905694842338562,0.11899363994598389,0.07580381631851196,0.08192700147628784
ISIC_0068276,249,1,0.6053947806358337,0.7219846248626709,0.7311559319496155,0.5352676510810852,0.11658984422683716,0.12576115131378174,-0.07012712955474854
ISIC_0072111,249,1,0.8140060901641846,0.8440912961959839,0.798252284526825,0.8293753266334534,0.030085206031799316,-0.01575380563735962,0.015369236469268799
ISIC_0065648,249,1,0.9394028186798096,0.9108177423477173,0.9032299518585205,0.9214112162590027,-0.028585076332092285,-0.03617286682128906,-0.017991602420806885
ISIC_0054244,249,1,0.40574735403060913,0.5221770405769348,0.14304232597351074,0.5460076928138733,0.11642968654632568,-0.2627050280570984,0.14026033878326416
ISIC_0071589,249,1,0.9007130265235901,0.8761963844299316,0.7991895079612732,0.8958919644355774,-0.024516642093658447,-0.1015235185623169,-0.004821062088012695
ISIC_0068347,249,1,0.8882906436920166,0.8813421726226807,0.9208947420120239,0.8641478419303894,-0.0069484710693359375,0.032604098320007324,-0.024142801761627197
ISIC_0058651,249,1,0.7830874919891357,0.9081753492355347,0.762668251991272,0.8665761351585388,0.12508785724639893,-0.02041923999786377,0.08348864316940308
ISIC_0063354,249,1,0.9390913248062134,0.9490253925323486,0.9192087650299072,0.9410479664802551,0.009934067726135254,-0.019882559776306152,0.001956641674041748
ISIC_0058398,249,1,0.8043470978736877,0.8646503686904907,0.814406156539917,0.7340723872184753,0.06030327081680298,0.010059058666229248,-0.0702747106552124
ISIC_0054721,249,1,0.5151671767234802,0.7402976751327515,0.46151524782180786,0.7181500792503357,0.22513049840927124,-0.05365192890167236,0.20298290252685547
ISIC_0054993,249,1,0.6953188180923462,0.6958901882171631,0.686743974685669,0.6772701144218445,0.0005713701248168945,-0.008574843406677246,-0.01804870367050171
ISIC_0059581,249,1,0.8776941895484924,0.8955853581428528,0.9102064371109009,0.8793305158615112,0.01789116859436035,0.03251224756240845,0.0016363263130187988
ISIC_0057542,249,1,0.350698858499527,0.8060442209243774,0.4500340521335602,0.762945830821991,0.45534536242485046,0.0993351936340332,0.412246972322464
ISIC_0070237,249,1,0.4526340365409851,0.8143919706344604,0.8486787676811218,0.5771834850311279,0.36175793409347534,0.3960447311401367,0.12454944849014282
ISIC_0065923,249,1,0.725911557674408,0.7965571880340576,0.8070626854896545,0.7285326719284058,0.07064563035964966,0.08115112781524658,0.0026211142539978027
ISIC_0053939,249,1,0.9379546046257019,0.933330237865448,0.9675936102867126,0.8490535020828247,-0.004624366760253906,0.029639005661010742,-0.0889011025428772
ISIC_0064625,249,1,0.9067461490631104,0.9405986666679382,0.953837513923645,0.9291425347328186,0.03385251760482788,0.04709136486053467,0.022396385669708252
ISIC_0068731,249,1,0.9267136454582214,0.8861732482910156,0.9429646730422974,0.8407253623008728,-0.04054039716720581,0.016251027584075928,-0.08598828315734863
ISIC_0063660,249,1,0.764868974685669,0.8585783243179321,0.7874860167503357,0.8006693720817566,0.09370934963226318,0.022617042064666748,0.035800397396087646
ISIC_0073246,249,1,0.9196125268936157,0.8656411170959473,0.868363082408905,0.9185096621513367,-0.05397140979766846,-0.05124944448471069,-0.0011028647422790527
ISIC_0068231,249,1,0.7876977920532227,0.823485255241394,0.7929989695549011,0.5321869850158691,0.03578746318817139,0.005301177501678467,-0.2555108070373535
ISIC_0071147,249,1,0.5567275285720825,0.8612374663352966,0.4148540496826172,0.8358414173126221,0.3045099377632141,-0.14187347888946533,0.27911388874053955
ISIC_0068963,249,1,0.6477784514427185,0.5475816130638123,0.5458734631538391,0.43480825424194336,-0.10019683837890625,-0.1019049882888794,-0.21297019720077515
ISIC_0055465,249,1,0.8963650465011597,0.9042335152626038,0.9136958718299866,0.8494094610214233,0.007868468761444092,0.017330825328826904,-0.04695558547973633
ISIC_0066940,249,1,0.9400374293327332,0.9552872776985168,0.9080661535263062,0.8904381990432739,0.015249848365783691,-0.031971275806427,-0.04959923028945923
ISIC_0054353,249,1,0.6415376663208008,0.6472005248069763,0.6192359328269958,0.6923555135726929,0.005662858486175537,-0.02230173349380493,0.05081784725189209
ISIC_0059160,249,1,0.7653314471244812,0.7731406092643738,0.7794782519340515,0.7557914853096008,0.007809162139892578,0.014146804809570312,-0.009539961814880371
ISIC_0071035,249,1,0.6284869909286499,0.7065975666046143,0.7086090445518494,0.7064735889434814,0.07811057567596436,0.08012205362319946,0.07798659801483154
ISIC_0062762,249,1,0.8535770773887634,0.8755515813827515,0.8776040077209473,0.8240840435028076,0.021974503993988037,0.024026930332183838,-0.02949303388595581
ISIC_0072104,249,1,0.8209137916564941,0.9158285856246948,0.9157552123069763,0.8564801216125488,0.09491479396820068,0.09484142065048218,0.03556632995605469
ISIC_0054563,249,1,0.4816340208053589,0.8814796209335327,0.6551346778869629,0.7614402770996094,0.39984560012817383,0.173500657081604,0.2798062562942505
ISIC_0059724,249,1,0.8880038261413574,0.8628841042518616,0.8556039333343506,0.7899888753890991,-0.02511972188949585,-0.032399892807006836,-0.0980149507522583
ISIC_0056972,249,1,0.6205049157142639,0.8158366680145264,0.8154503703117371,0.5430200099945068,0.19533175230026245,0.19494545459747314,-0.07748490571975708
ISIC_0072292,249,1,0.40017035603523254,0.5817629098892212,0.5384695529937744,0.6976868510246277,0.18159255385398865,0.13829919695854187,0.29751649498939514
ISIC_0063819,249,1,0.8599821925163269,0.8542913794517517,0.8768628239631653,0.8611508011817932,-0.005690813064575195,0.01688063144683838,0.0011686086654663086
ISIC_0072382,249,1,0.7660890221595764,0.7783495783805847,0.8146102428436279,0.7893503904342651,0.0122605562210083,0.048521220684051514,0.02326136827468872
ISIC_0066761,249,1,0.9377420544624329,0.8988579511642456,0.9341354966163635,0.7544351816177368,-0.038884103298187256,-0.003606557846069336,-0.18330687284469604
