isic_id,coll,label,bg_attr_mean_p6,fg_attr_mean_p6,bg_fg_ratio_p6,r_share_p6,g_share_p6,b_share_p6,total_abs_p6,bg_attr_mean_p10,fg_attr_mean_p10,bg_fg_ratio_p10,r_share_p10,g_share_p10,b_share_p10,total_abs_p10
ISIC_0034250,212,0,0.01132943481206894,0.01842561736702919,0.6148740954722004,0.3113512798816315,0.4447026528737685,0.24394606724459947,1774.4739685058603,0.01086644921451807,0.009391523897647858,1.157048561335143,0.3132511221553768,0.43340724885953263,0.25334162898509,1580.731719970704
ISIC_0026824,212,0,0.015057921409606934,0.021921053528785706,0.6869159545563617,0.4483204438845781,0.3885601167222991,0.1631194393931224,2334.789276123048,0.023434525355696678,0.030266225337982178,0.7742797489281839,0.44234471072345616,0.39774434466431574,0.15991094461222782,3569.4462280273447
ISIC_0027481,212,0,0.027880055829882622,0.037926048040390015,0.7351162926385386,0.497735638000804,0.30327608557007296,0.1989882764291228,4222.059997558595,0.03197449818253517,0.053186554461717606,0.6011763406398066,0.46768185708164944,0.3345439828162951,0.19777416010205523,4949.161010742188
ISIC_0025142,212,0,0.01218811608850956,0.019044362008571625,0.6399855286842292,0.3745169037471879,0.46619278736638936,0.1592903088864223,2112.1868591308603,0.017365088686347008,0.021267645061016083,0.8165026563367601,0.3700260391895482,0.48002961904904035,0.1499443417614111,2739.8699951171884
ISIC_0031483,212,0,0.02195998653769493,0.03576439619064331,0.6140180983522409,0.33113705409385175,0.45328322039448815,0.21557972551165985,3331.5048217773447,0.022331977263092995,0.028764843940734863,0.7763635814991483,0.32523836573337495,0.46172596672000704,0.21303566754661776,3336.496337890626
ISIC_0029629,212,0,0.017744073644280434,0.03838258609175682,0.46229489596823214,0.519148707178006,0.3276246601314177,0.153226632690576,2867.269836425782,0.024246536195278168,0.038089074194431305,0.6365745744175388,0.5211346892526001,0.33089679862899485,0.14796851211840484,3743.5114135742197
ISIC_0032753,212,0,0.009184044785797596,0.0062767984345555305,1.4631734444803677,0.299714037135392,0.46334649833406055,0.23693946453054668,1229.7513122558603,0.009066980332136154,0.004735808353871107,1.914558118620804,0.293373846916821,0.47042298067050753,0.2362031724126707,1151.5154724121103
ISIC_0030411,212,0,0.014124440029263496,0.0248054601252079,0.5694085075612003,0.39686053955479206,0.4019822609565979,0.20115719948860963,2256.075988769532,0.015206304378807545,0.02925136499106884,0.5198493944966467,0.3889218261505015,0.41595593486509314,0.19512223898440495,2470.198028564454
ISIC_0033793,212,0,0.012701675295829773,0.0061363582499325275,2.0699044577407837,0.2740918004011778,0.449378337822121,0.27652986177670064,1790.0775146484384,0.007668500766158104,0.011864479631185532,0.6463410958203015,0.26801557997187786,0.47531619103305967,0.2566682289950617,1183.7237548828134
ISIC_0028986,212,0,0.021045461297035217,0.02597133256494999,0.8103342885623606,0.5333932698886862,0.28079171107415346,0.18581501903716005,3208.9595947265634,0.024319469928741455,0.03999488055706024,0.6080645720155394,0.5204445618562968,0.3047433864529637,0.17481205169073918,3922.351867675782
ISIC_0030191,212,1,0.02106911689043045,0.019074253737926483,1.1045840733751728,0.39475833020615014,0.3906169701854828,0.21462469960836678,3034.0133056640634,0.02306690253317356,0.01485621277242899,1.5526771786671256,0.3726857475651908,0.411493150119159,0.2158211023156499,3101.900695800782
ISIC_0029602,212,1,0.026367204263806343,0.03524697571992874,0.7480699755156086,0.42802747622787574,0.3938817664834258,0.17809075728869825,4203.571594238282,0.03847677633166313,0.032324742525815964,1.1903196537740055,0.4055236376333058,0.4213794848445185,0.17309687752217554,5455.000366210938
ISIC_0025301,212,1,0.017463319003582,0.020729776471853256,0.84242678773182,0.5327194375368345,0.3352108241785457,0.1320697382846195,2700.3460998535165,0.02418031357228756,0.023457059636712074,1.0308331029880462,0.5070104635674618,0.36176544661584836,0.13122408981668957,3537.7938232421884
ISIC_0034416,212,1,0.007418965455144644,0.011884101666510105,0.6242765051439773,0.34855540347968095,0.4451913086070194,0.20625328791329903,1366.8532104492197,0.005529241636395454,0.010781098157167435,0.5128644184284262,0.3318465567257965,0.46899176488900207,0.19916167838520063,1136.281784057618
ISIC_0026687,212,1,0.017392199486494064,0.015786273404955864,1.1017292707621575,0.45355045957509205,0.33351982163281896,0.21292971879208863,2561.019104003907,0.012015114538371563,0.014176075346767902,0.8475628299415726,0.44099159957430273,0.35021135056570857,0.2087970498599882,1776.498046875001
ISIC_0031087,212,1,0.020685896277427673,0.0133352130651474,1.551223529490642,0.43789880082975113,0.3846719870252295,0.17742921214501908,2850.107635498048,0.01566530019044876,0.01130293495953083,1.3859497773398677,0.4411860163136942,0.38407550938459906,0.17473847430170636,2191.1597595214853
ISIC_0032441,212,1,0.008824759162962437,0.0027849532198160887,3.168727970068094,0.345048701125549,0.37870518420604576,0.27624611466840454,1273.2146911621103,0.008533688262104988,0.00904983188956976,0.9429664955368238,0.33406423575709704,0.39205935213312615,0.2738764121097761,1260.740478515626
ISIC_0027328,212,1,0.011497551575303078,0.009366292506456375,1.2275456449152728,0.37594535907672183,0.41150837944413393,0.21254626147914368,1573.8627624511728,0.005725093185901642,0.005383550655096769,1.0634418718585892,0.3738747797885914,0.4174849735975726,0.2086402466138348,824.7253112792979
ISIC_0031266,212,1,0.018833233043551445,0.01299978792667389,1.4487338677970336,0.3453200140389447,0.42989231120377547,0.22478767475727948,2521.410949707032,0.009182739071547985,0.006960957311093807,1.3191776161180133,0.3546570312774145,0.4285929965585406,0.21674997216404415,1256.6758728027353
ISIC_0032841,212,1,0.006373366806656122,0.0307319276034832,0.20738584604545782,0.2572232204012551,0.5326727696397281,0.21010400995901624,1636.9088439941415,0.006626952439546585,0.02719838358461857,0.24365243687842936,0.2660500011790615,0.5275588415105317,0.20639115731040628,1565.9176635742197
ISIC_0056869,249,0,0.014547141268849373,0.004798457957804203,3.0316283682740055,0.23230033673375478,0.5458931919503313,0.22180647131591344,1645.6089477539072,0.010065187700092793,0.009159669280052185,1.098859292006605,0.24683258955335424,0.5415765370579702,0.21159087338867497,1437.7798767089853
ISIC_0066235,249,0,0.007113046944141388,0.013271591626107693,0.5359603538545219,0.34032938723218453,0.39579978077472094,0.26387083199309375,1146.6715698242197,0.00462333532050252,0.008758613839745522,0.5278615320979659,0.3184228871178194,0.40608661925907746,0.27549049362310174,747.4150695800791
ISIC_0053647,249,0,0.010688585229218006,0.02948189526796341,0.3625474255324687,0.27084004823952545,0.5278073081506746,0.20135264360979951,1749.5398559570322,0.010004587471485138,0.0261017307639122,0.3832921104725096,0.27347007845238774,0.5183856257162142,0.2081442958313976,1623.7969360351572
ISIC_0058233,249,0,0.024605439975857735,0.006797076668590307,3.6200033007661845,0.30114054910475335,0.5154235559673322,0.1834358949279141,2635.1897888183603,0.014750193804502487,0.010717272758483887,1.3763010550259724,0.3014982904252278,0.5130476073018744,0.18545410227289738,1950.1209411621103
ISIC_0055283,249,0,0.008698240853846073,0.003539975732564926,2.4571470289553856,0.2787871225917716,0.5429514189186616,0.17826145848956607,1260.1073303222665,0.0068070110864937305,0.009711437858641148,0.7009272144430101,0.283003799880506,0.5346497957500794,0.18234640436941352,1016.4038391113291
ISIC_0053466,249,0,0.013471575453877449,0.005840808153152466,2.306457445722887,0.3079942062748975,0.4946727794140791,0.19733301431102288,1674.4273681640634,0.013650746084749699,0.00491912430152297,2.7750358088173135,0.31304187017097784,0.4945181719674836,0.192439957861538,1655.8309631347665
ISIC_0063186,249,0,0.016294162720441818,0.024569794535636902,0.6631786316653233,0.30155027471368356,0.48677408120148935,0.21167564408482675,2499.761718750001,0.009000592865049839,0.010394776239991188,0.8658765381040534,0.31475108095042525,0.4831307634231045,0.20211815562646956,1343.547882080079
ISIC_0070884,249,0,0.01370962243527174,0.005580274388194084,2.456800773860963,0.23805348499724915,0.5483181165303161,0.21362839847243412,1438.5616760253915,0.009737909771502018,0.00985383428633213,0.9882355932257856,0.25171915974809356,0.5456014924385664,0.2026793478133395,1444.2268981933603
ISIC_0073080,249,0,0.00841166265308857,0.030824221670627594,0.27289132367952196,0.19222783228582727,0.5365211156493801,0.271251052064792,1394.055450439454,0.003757108934223652,0.018380679190158844,0.20440533754787674,0.19229994304220321,0.5324849097170469,0.2752151472407484,654.2967910766612
ISIC_0060632,249,0,0.005612215492874384,0.01826356165111065,0.3072903084340667,0.2504305784777255,0.49675043457390317,0.2528189869483706,1283.2056884765634,0.004258389119058847,0.014061221852898598,0.3028463076401158,0.24837111294015637,0.4953098670231356,0.256319020036707,980.9838104248057
ISIC_0068276,249,1,0.013941328972578049,0.007439310196787119,1.8740082889135359,0.42603703550325617,0.39424018693551516,0.17972277756122815,1704.5065612792978,0.008790540508925915,0.004250553902238607,2.068092938263003,0.4180210809084498,0.39704099011651534,0.184937928975034,1050.9769134521493
ISIC_0057542,249,1,0.020667200908064842,0.022174077108502388,0.9320433408315446,0.2639219773109464,0.5170432705923305,0.21903475209672282,3134.6801147460947,0.01607990451157093,0.011692054569721222,1.3752847641690684,0.2611404268057383,0.5129303632408766,0.22592920995338467,2117.2279052734384
ISIC_0063819,249,1,0.014796840026974678,0.008654030039906502,1.7098207377073702,0.2567099443667032,0.5455679616374357,0.19772209399586055,1658.9761352539072,0.009043565019965172,0.0062154182232916355,1.4550211578804704,0.26249963032292034,0.5422412509688048,0.19525911870827398,1092.7819519042978
ISIC_0058398,249,1,0.007202048785984516,0.014555945061147213,0.4947840044552142,0.33649870771510904,0.3943971117558969,0.26910418052899326,1141.8780212402353,0.006902957800775766,0.013182961381971836,0.5236272488984003,0.32261378912785854,0.4063214920851603,0.27106471878698035,1086.1085205078134
ISIC_0072292,249,1,0.01380418986082077,0.0076583558693528175,1.8025004447837596,0.2741172867957464,0.5261387302786785,0.19974398292557455,1598.0131530761728,0.011667659506201744,0.009099460206925869,1.2822364448960546,0.2761038416511096,0.5254366222603951,0.19845953608849468,1537.646514892579
ISIC_0053939,249,1,0.03263281285762787,0.007038455456495285,4.636359931426914,0.3385547774651887,0.4284542112784728,0.23299101125633823,2940.5470581054697,0.022628244012594223,0.008809434249997139,2.56863759583671,0.3298999934538497,0.4434701627393918,0.22662984380675807,2326.294250488282
ISIC_0054721,249,1,0.0047365534119307995,0.005207230802625418,0.909610806869304,0.20174853344558055,0.5427069001157813,0.25554456643863677,712.3191833496104,0.0030407262966036797,0.004477425012737513,0.6791238910653624,0.20589416113174322,0.5412405611943125,0.2528652776739421,490.75884246826274
ISIC_0055465,249,1,0.02013142965734005,0.009939789772033691,2.0253375694102975,0.30972236398314024,0.4592026108690388,0.23107502514782058,2455.3306884765634,0.009822944179177284,0.007089517079293728,1.3855589977866116,0.3130146989133654,0.4586604076562645,0.22832489343036938,1310.8185729980478
ISIC_0054993,249,1,0.010760795325040817,0.0041651856154203415,2.583509192291989,0.45655970738906176,0.3378463855694538,0.20559390704148386,1566.5215759277353,0.009991870261728764,0.008659361861646175,1.1538806694272128,0.42806541192682296,0.3542863003696356,0.2176482877035408,1469.2756958007822
ISIC_0064625,249,1,0.012670818716287613,0.010498851537704468,1.2068766446294599,0.2602389863862618,0.5344997773812686,0.20526123623246897,1763.5235900878915,0.009576764889061451,0.007382489740848541,1.2972269823920812,0.26041516824133654,0.5322762363902869,0.20730859536837587,1306.2096252441415
ISIC_9483439,70,0,0.003100951202213764,0.012787654995918274,0.2424956884748271,0.23751688512395966,0.5041214801354547,0.25836163474058416,648.7987670898448,0.003191255498677492,0.01304957177489996,0.24454867590488094,0.2328284780407502,0.5122985709740061,0.25487295098524215,665.5081481933604
ISIC_5380914,70,0,0.019096212461590767,0.02425573579967022,0.7872864636763729,0.31486160678894554,0.5353054685813173,0.1498329246297368,2857.503875732423,0.014967796392738819,0.01100357249379158,1.3602669861250904,0.3166833066054651,0.537003345390256,0.1463133480042785,2175.0884704589853
ISIC_2784965,70,0,0.019263869151473045,0.020796772092580795,0.9262913045215027,0.3514300735067695,0.44780246129359813,0.20076746519963204,2876.409179687501,0.033000484108924866,0.05345425382256508,0.6173593633626611,0.3525992735791274,0.44289974019198763,0.2045009862288848,5344.287719726563
ISIC_7936961,70,0,0.01873636059463024,0.02259053848683834,0.8293897290472463,0.35111660109635384,0.41932130427605546,0.22956209462759036,2839.667968750001,0.0456027127802372,0.06298313289880753,0.7240464340429881,0.35261045800429375,0.4119422042747394,0.23544733772096677,7071.080444335938
ISIC_1307651,70,0,0.020221859216690063,0.010489665903151035,1.9277886830137778,0.39213980594201553,0.4412586787400969,0.16660151531788728,2841.7686462402353,0.019035469740629196,0.011865977197885513,1.60420582503911,0.3992181382551828,0.4407001133007166,0.16008174844410025,2703.7110290527353
ISIC_2691267,70,0,0.020322371274232864,0.03822026401758194,0.5317171871153021,0.338001843079378,0.43681895515942337,0.2251792017611984,3217.801757812501,0.026949379593133926,0.07183535397052765,0.37515482424142604,0.32751233511831407,0.43817280640920714,0.2343148584724786,4528.458374023438
ISIC_6773319,70,0,0.012666300870478153,0.011445608921349049,1.1066515514829618,0.5892977999965465,0.23895106909729505,0.17175113090615798,1854.096710205079,0.01857190951704979,0.010965426452457905,1.6936787271859262,0.5934601708429746,0.24024479235087376,0.16629503680615126,2653.636199951173
ISIC_6427761,70,0,0.007066003512591124,0.01181165874004364,0.598222795638017,0.37299188957218615,0.4317166548408668,0.1952914555869463,1203.1155700683603,0.010978242382407188,0.012761838734149933,0.8602398612850399,0.3854517053626704,0.42204257550804325,0.19250571912928574,1679.3893432617197
ISIC_3969181,70,0,0.03452502191066742,0.01632191240787506,2.1152559239326423,0.32767740077027496,0.4983265856754366,0.1739960135542883,4713.971679687501,0.02077307738363743,0.01153615489602089,1.800693348075847,0.33518797997444505,0.49503343410478984,0.16977858592076478,2871.837127685548
ISIC_7641395,70,0,0.009171742014586926,0.0028919551987200975,3.1714675312557037,0.4045711535948528,0.39081318839621815,0.20461565800892828,1213.4505615234384,0.006176447495818138,0.002320334315299988,2.6618782712005906,0.39955769150176407,0.3947037298945573,0.2057385786036774,825.4145965576182
ISIC_6784593,70,1,0.013392622582614422,0.012834244407713413,1.043506898977662,0.33977207269410803,0.44830450441004865,0.21192342289584282,1961.237823486329,0.01325959898531437,0.014127261936664581,0.9385823696594483,0.35157997571678196,0.4398981401329347,0.20852188415028286,1976.3168640136728
ISIC_8068693,70,1,0.0061868783086538315,0.027199162170290947,0.22746576787617465,0.21047248617329165,0.58326413881531,0.20626337501139788,2168.742675781251,0.0061883083544671535,0.01311695296317339,0.47177941186807565,0.23598586631996252,0.5647961497125662,0.19921798396747056,1326.8084106445322
ISIC_7914631,70,1,0.010035720653831959,0.02524532563984394,0.39752787494223807,0.3591405256364625,0.49336528260785645,0.1474941917556806,1779.1976928710947,0.012579145841300488,0.022780660539865494,0.5521852985468682,0.37707618298793555,0.4934335376714379,0.12949027934062612,2055.6668395996103
ISIC_1375476,70,1,0.010467770509421825,0.014007066376507282,0.7473206900038982,0.25731850254802374,0.514076672918437,0.22860482453353878,1719.190704345704,0.006753039080649614,0.006108509376645088,1.1055134181292712,0.27282146076543706,0.5134559150520466,0.21372262418251525,963.7881011962901
ISIC_7466678,70,1,0.003462298307567835,0.016409479081630707,0.2109937975693355,0.2644057455653184,0.5524399154579983,0.18315433897668215,869.1347808837901,0.00346957566216588,0.01683489978313446,0.20609422728145793,0.2546880644192523,0.5613023669669628,0.18400956861378373,881.7891693115245
ISIC_5191344,70,1,0.0038358797319233418,0.019109632819890976,0.20073016410501737,0.20980603860297076,0.5329001907320645,0.2572937706649636,954.9820098876963,0.0034223950933665037,0.012773547321557999,0.26792832149222207,0.2201723531769759,0.5269728779086953,0.2528547689143274,743.032226562501
ISIC_8789051,70,1,0.007087192963808775,0.006239112000912428,1.1359297545503784,0.4274904893317486,0.4332426836544522,0.13926682701379833,1026.9518432617197,0.00621495395898819,0.00807160884141922,0.7699770988772819,0.43653640776520786,0.4262889257371326,0.13717466649765844,956.0513610839854
ISIC_1729223,70,1,0.011765647679567337,0.007729293778538704,1.5222150970941286,0.35301276064481735,0.46635419908645753,0.18063304026872457,1703.1128845214853,0.00769831845536828,0.007281485013663769,1.0572456636142655,0.3544951367049863,0.4631589260994337,0.18234593719557923,1131.8790130615243
ISIC_8450656,70,1,0.021066559478640556,0.011273515410721302,1.8686770462570979,0.269306825147986,0.529945827969229,0.2007473468827847,2626.903320312501,0.008839260786771774,0.004516657441854477,1.9570359055484394,0.2694324794960488,0.5262529915826245,0.20431452892132582,1091.7587738037118
ISIC_6688417,70,1,0.022366762161254883,0.00919449795037508,2.4326246285521718,0.2895301172184259,0.4520378303648538,0.25843205241671996,2966.238037109376,0.016495615243911743,0.010367839597165585,1.5910368876097778,0.2940231481454191,0.4494945925196229,0.2564822593349576,2277.9881591796884
