isic_id,source_collection,label,vignette_present,ruler_present,hair_present,color_cast_present,p_malig__original,p_malig__no_vignette,p_malig__no_ruler,p_malig__no_hair,p_malig__no_colorcast,p_malig__all_removed
ISIC_0034677,212,0,0,0,1,0,0.23988591134548187,0.23988591134548187,0.23988591134548187,0.3813075125217438,0.642548680305481,0.6326236724853516
ISIC_0031760,212,0,0,0,0,1,0.4585374593734741,0.4585374593734741,0.4585374593734741,0.4585374593734741,0.5913513898849487,0.5913513898849487
ISIC_0026538,212,0,0,0,1,1,0.6708554625511169,0.6708554625511169,0.6708554625511169,0.7285074591636658,0.6878468990325928,0.7514871954917908
ISIC_0034250,212,0,0,0,0,1,0.5344247817993164,0.5344247817993164,0.5344247817993164,0.5344247817993164,0.5133042335510254,0.5133042335510254
ISIC_0027893,212,0,0,0,1,1,0.6679654717445374,0.6679654717445374,0.6679654717445374,0.6955829858779907,0.6776660680770874,0.6762357950210571
ISIC_0025315,212,0,0,0,1,0,0.3881816864013672,0.3881816864013672,0.3881816864013672,0.17372889816761017,0.6828955411911011,0.35925471782684326
ISIC_0031136,212,0,0,0,0,1,0.1768832951784134,0.1768832951784134,0.1768832951784134,0.1768832951784134,0.5519487857818604,0.5519487857818604
ISIC_0027766,212,0,0,0,1,0,0.5874829888343811,0.5874829888343811,0.5874829888343811,0.5024959444999695,0.6543144583702087,0.4913399815559387
ISIC_0033793,212,0,0,0,1,1,0.7144765853881836,0.7144765853881836,0.7144765853881836,0.7028505206108093,0.6839497685432434,0.6687920689582825
ISIC_0031260,212,0,0,1,1,0,0.32860293984413147,0.32860293984413147,0.3335586190223694,0.1960284560918808,0.585832953453064,0.5785873532295227
ISIC_0026208,212,0,0,0,0,1,0.2838457524776459,0.2838457524776459,0.2838457524776459,0.2838457524776459,0.5920947790145874,0.5920947790145874
ISIC_0029629,212,0,0,0,0,0,0.21391776204109192,0.21391776204109192,0.21391776204109192,0.21391776204109192,0.5380724668502808,0.5380724668502808
ISIC_0033556,212,0,0,0,1,1,0.6068776845932007,0.6068776845932007,0.6068776845932007,0.5388565063476562,0.6487143635749817,0.6048998236656189
ISIC_0024851,212,0,0,0,1,0,0.6454683542251587,0.6454683542251587,0.6454683542251587,0.5920444130897522,0.6590785384178162,0.612439751625061
ISIC_0027481,212,0,0,0,0,1,0.19172243773937225,0.19172243773937225,0.19172243773937225,0.19172243773937225,0.45056846737861633,0.45056846737861633
ISIC_0028138,212,0,0,1,1,0,0.48924365639686584,0.48924365639686584,0.4974726736545563,0.5233417749404907,0.47404637932777405,0.5639700889587402
ISIC_0031456,212,0,0,1,1,0,0.14996737241744995,0.14996737241744995,0.1397446244955063,0.3065705895423889,0.3403685688972473,0.5755746364593506
ISIC_0025135,212,0,0,0,0,1,0.35254815220832825,0.35254815220832825,0.35254815220832825,0.35254815220832825,0.5026545524597168,0.5026545524597168
ISIC_0033088,212,0,0,0,1,1,0.6666722893714905,0.6666722893714905,0.6666722893714905,0.7501163482666016,0.6753435134887695,0.7148284316062927
ISIC_0026205,212,0,0,1,1,0,0.37587517499923706,0.37587517499923706,0.36778706312179565,0.2973920702934265,0.5441019535064697,0.4118154048919678
ISIC_0025070,212,0,0,0,1,0,0.4048655331134796,0.4048655331134796,0.4048655331134796,0.39077234268188477,0.6595277786254883,0.6570260524749756
ISIC_0027310,212,0,0,0,1,0,0.5966903567314148,0.5966903567314148,0.5966903567314148,0.6799768209457397,0.6040558815002441,0.6772249341011047
ISIC_0029752,212,0,0,0,1,0,0.2953939139842987,0.2953939139842987,0.2953939139842987,0.2852432131767273,0.4051262140274048,0.37924924492836
ISIC_0025883,212,0,0,0,1,1,0.6565614342689514,0.6565614342689514,0.6565614342689514,0.7528272271156311,0.6689616441726685,0.724968671798706
ISIC_0031422,212,0,0,0,1,0,0.4574577212333679,0.4574577212333679,0.4574577212333679,0.49578529596328735,0.6344053745269775,0.4750076234340668
ISIC_0032304,212,0,0,0,1,1,0.652523934841156,0.652523934841156,0.652523934841156,0.7486536502838135,0.6380520462989807,0.7303283214569092
ISIC_0028986,212,0,0,0,0,1,0.08236951380968094,0.08236951380968094,0.08236951380968094,0.08236951380968094,0.36965131759643555,0.36965131759643555
ISIC_0031327,212,0,0,1,1,0,0.3267016112804413,0.3267016112804413,0.30396875739097595,0.3024653196334839,0.46508675813674927,0.5187267661094666
ISIC_0035508,212,0,0,1,1,0,0.3731183409690857,0.3731183409690857,0.38895362615585327,0.47520312666893005,0.5063551664352417,0.6327586770057678
ISIC_0027637,212,0,0,1,0,0,0.2511795461177826,0.2511795461177826,0.27136871218681335,0.2511795461177826,0.5604588985443115,0.5765543580055237
ISIC_0032210,212,0,0,0,1,1,0.10403873026371002,0.10403873026371002,0.10403873026371002,0.052312444895505905,0.4649776518344879,0.2500452995300293
ISIC_0030790,212,0,0,0,1,0,0.4645184278488159,0.4645184278488159,0.4645184278488159,0.42044079303741455,0.48630547523498535,0.392232745885849
ISIC_0032089,212,0,0,0,1,0,0.2815249562263489,0.2815249562263489,0.2815249562263489,0.2487465739250183,0.4452425241470337,0.49999886751174927
ISIC_0033214,212,0,0,0,0,0,0.6421351432800293,0.6421351432800293,0.6421351432800293,0.6421351432800293,0.6352556347846985,0.6352556347846985
ISIC_0026155,212,0,0,0,1,1,0.439460813999176,0.439460813999176,0.439460813999176,0.41306596994400024,0.46506255865097046,0.4692015051841736
ISIC_0026824,212,0,0,0,1,0,0.35024866461753845,0.35024866461753845,0.35024866461753845,0.4865604043006897,0.4721454381942749,0.5181490778923035
ISIC_0025142,212,0,0,0,1,0,0.2268504947423935,0.2268504947423935,0.2268504947423935,0.4703764021396637,0.486716628074646,0.4659268260002136
ISIC_0030411,212,0,0,0,1,1,0.08059531450271606,0.08059531450271606,0.08059531450271606,0.24863415956497192,0.32575586438179016,0.4073951840400696
ISIC_0032753,212,0,0,1,1,1,0.5355638265609741,0.5355638265609741,0.538491427898407,0.6550918221473694,0.5545379519462585,0.665076732635498
ISIC_0035488,212,0,0,0,0,0,0.5361741185188293,0.5361741185188293,0.5361741185188293,0.5361741185188293,0.5459445118904114,0.5459445118904114
ISIC_0029733,212,0,0,0,0,0,0.5918841361999512,0.5918841361999512,0.5918841361999512,0.5918841361999512,0.5220664143562317,0.5220664143562317
ISIC_0026785,212,0,0,0,0,1,0.183530792593956,0.183530792593956,0.183530792593956,0.183530792593956,0.39370036125183105,0.39370036125183105
ISIC_0029229,212,0,0,0,1,0,0.18648852407932281,0.18648852407932281,0.18648852407932281,0.1567448377609253,0.530954122543335,0.4957978427410126
ISIC_0029355,212,0,0,0,1,1,0.6761989593505859,0.6761989593505859,0.6761989593505859,0.6638118028640747,0.6548672318458557,0.6535980105400085
ISIC_0027918,212,0,0,0,0,0,0.21793130040168762,0.21793130040168762,0.21793130040168762,0.21793130040168762,0.42162445187568665,0.42162445187568665
ISIC_0030338,212,0,0,0,0,0,0.1463974565267563,0.1463974565267563,0.1463974565267563,0.1463974565267563,0.4979761838912964,0.4979761838912964
ISIC_0032040,212,0,0,0,1,1,0.6230396032333374,0.6230396032333374,0.6230396032333374,0.6544470191001892,0.6357778310775757,0.629847526550293
ISIC_0031483,212,0,0,0,1,1,0.44606560468673706,0.44606560468673706,0.44606560468673706,0.3690873980522156,0.4335242807865143,0.3609935939311981
ISIC_0027226,212,0,0,0,1,0,0.6220698356628418,0.6220698356628418,0.6220698356628418,0.6450281739234924,0.6262552738189697,0.6924034953117371
ISIC_0026969,212,0,0,0,1,0,0.26113012433052063,0.26113012433052063,0.26113012433052063,0.2945820689201355,0.46387070417404175,0.4996632933616638
ISIC_0030249,212,1,0,0,0,0,0.7497846484184265,0.7497846484184265,0.7497846484184265,0.7497846484184265,0.7480022311210632,0.7480022311210632
ISIC_0028994,212,1,0,0,1,1,0.7863032221794128,0.7863032221794128,0.7863032221794128,0.8707897663116455,0.7314550280570984,0.8587903380393982
ISIC_0031041,212,1,0,0,1,1,0.8339492678642273,0.8339492678642273,0.8339492678642273,0.7302560210227966,0.8574146628379822,0.753847599029541
ISIC_0035767,212,1,0,0,1,0,0.5863281488418579,0.5863281488418579,0.5863281488418579,0.657619059085846,0.5919044017791748,0.6614772081375122
ISIC_0035376,212,1,0,0,1,1,0.7900735139846802,0.7900735139846802,0.7900735139846802,0.692387580871582,0.8223934173583984,0.6240007281303406
ISIC_0028542,212,1,0,0,1,1,0.6715793013572693,0.6715793013572693,0.6715793013572693,0.691548764705658,0.5573300719261169,0.8121009469032288
ISIC_0033366,212,1,0,0,1,1,0.7087362408638,0.7087362408638,0.7087362408638,0.654377281665802,0.661051332950592,0.6212345957756042
ISIC_0024595,212,1,0,0,1,1,0.6763039231300354,0.6763039231300354,0.6763039231300354,0.5213947296142578,0.6470986604690552,0.5693933963775635
ISIC_0032441,212,1,0,0,1,1,0.7282834649085999,0.7282834649085999,0.7282834649085999,0.7240884900093079,0.7241134643554688,0.6847071647644043
ISIC_0034605,212,1,0,0,1,1,0.6954068541526794,0.6954068541526794,0.6954068541526794,0.638955295085907,0.7130271196365356,0.6636563539505005
ISIC_0034888,212,1,0,0,1,0,0.8165675401687622,0.8165675401687622,0.8165675401687622,0.7979298233985901,0.8263802528381348,0.7804172039031982
ISIC_0035663,212,1,0,0,1,0,0.6615720391273499,0.6615720391273499,0.6615720391273499,0.6792292594909668,0.6487254500389099,0.642349898815155
ISIC_0025301,212,1,0,0,1,0,0.8543902039527893,0.8543902039527893,0.8543902039527893,0.916796088218689,0.9156161546707153,0.8877770304679871
ISIC_0032313,212,1,0,0,1,1,0.6964946985244751,0.6964946985244751,0.6964946985244751,0.7303987741470337,0.6607160568237305,0.7115501165390015
ISIC_0032841,212,1,0,0,0,0,0.6886124014854431,0.6886124014854431,0.6886124014854431,0.6886124014854431,0.6801267862319946,0.6801267862319946
ISIC_0034906,212,1,0,0,1,1,0.922439455986023,0.922439455986023,0.922439455986023,0.8327943682670593,0.9047151803970337,0.8298148512840271
ISIC_0035756,212,1,0,0,1,0,0.7613118886947632,0.7613118886947632,0.7613118886947632,0.775946319103241,0.7547541260719299,0.7921920418739319
ISIC_0035708,212,1,0,0,1,0,0.6849819421768188,0.6849819421768188,0.6849819421768188,0.6918493509292603,0.658524751663208,0.6630730628967285
ISIC_0033619,212,1,0,0,1,1,0.6334835886955261,0.6334835886955261,0.6334835886955261,0.6444729566574097,0.6283326745033264,0.6807084679603577
ISIC_0026522,212,1,0,0,1,1,0.8672476410865784,0.8672476410865784,0.8672476410865784,0.7926052808761597,0.8171826004981995,0.792042076587677
ISIC_0027359,212,1,0,0,0,1,0.7225658297538757,0.7225658297538757,0.7225658297538757,0.7225658297538757,0.6822519302368164,0.6822519302368164
ISIC_0027229,212,1,0,0,1,0,0.7192587852478027,0.7192587852478027,0.7192587852478027,0.7936751842498779,0.7240761518478394,0.7961284518241882
ISIC_0024799,212,1,0,0,0,1,0.8254745602607727,0.8254745602607727,0.8254745602607727,0.8254745602607727,0.7879299521446228,0.7879299521446228
ISIC_0028763,212,1,0,0,1,1,0.7783530354499817,0.7783530354499817,0.7783530354499817,0.6856081485748291,0.734954297542572,0.680573046207428
ISIC_0031266,212,1,0,0,1,1,0.6421164274215698,0.6421164274215698,0.6421164274215698,0.6417061686515808,0.6069468855857849,0.5886699557304382
ISIC_0029602,212,1,0,0,0,0,0.8462639451026917,0.8462639451026917,0.8462639451026917,0.8462639451026917,0.778876543045044,0.778876543045044
ISIC_0031489,212,1,0,0,1,0,0.6843523979187012,0.6843523979187012,0.6843523979187012,0.6951434016227722,0.6442431807518005,0.6396581530570984
ISIC_0025069,212,1,0,0,1,0,0.731192409992218,0.731192409992218,0.731192409992218,0.7575206160545349,0.7518709897994995,0.7879348397254944
ISIC_0029860,212,1,0,0,1,1,0.8343387842178345,0.8343387842178345,0.8343387842178345,0.8042090535163879,0.8121923804283142,0.7929831743240356
ISIC_0028232,212,1,0,0,1,0,0.7435331344604492,0.7435331344604492,0.7435331344604492,0.7335737943649292,0.8156960010528564,0.736226499080658
ISIC_0029669,212,1,0,0,0,0,0.9016728401184082,0.9016728401184082,0.9016728401184082,0.9016728401184082,0.8599263429641724,0.8599263429641724
ISIC_0030191,212,1,0,0,1,1,0.7996188402175903,0.7996188402175903,0.7996188402175903,0.7426647543907166,0.8083670139312744,0.7228328585624695
ISIC_0031063,212,1,0,0,1,1,0.9118004441261292,0.9118004441261292,0.9118004441261292,0.8239504098892212,0.9340560436248779,0.8804948329925537
ISIC_0024967,212,1,0,0,1,1,0.8275834918022156,0.8275834918022156,0.8275834918022156,0.9118503332138062,0.8242682218551636,0.9008429646492004
ISIC_0028685,212,1,0,0,1,0,0.7367759943008423,0.7367759943008423,0.7367759943008423,0.5661691427230835,0.8001019954681396,0.6634117364883423
ISIC_0031087,212,1,0,1,1,0,0.8558882474899292,0.8558882474899292,0.8558882474899292,0.817322850227356,0.8253872394561768,0.7998178601264954
ISIC_0035853,212,1,0,0,1,0,0.6137819290161133,0.6137819290161133,0.6137819290161133,0.6188166737556458,0.6144255995750427,0.6094180941581726
ISIC_0032816,212,1,0,0,1,1,0.6265463829040527,0.6265463829040527,0.6265463829040527,0.7047553062438965,0.6332123875617981,0.6352159380912781
ISIC_0025265,212,1,0,0,1,0,0.6937319040298462,0.6937319040298462,0.6937319040298462,0.6854454874992371,0.6582624316215515,0.6746239066123962
ISIC_0027846,212,1,0,0,1,0,0.7545902729034424,0.7545902729034424,0.7545902729034424,0.7915725111961365,0.7843803763389587,0.8176050186157227
ISIC_0033023,212,1,0,0,1,0,0.8390495181083679,0.8390495181083679,0.8390495181083679,0.909761905670166,0.8411979079246521,0.9145349860191345
ISIC_0030929,212,1,0,0,1,0,0.7610056400299072,0.7610056400299072,0.7610056400299072,0.7210239768028259,0.7873718738555908,0.6878172159194946
ISIC_0035130,212,1,0,0,1,0,0.5877700448036194,0.5877700448036194,0.5877700448036194,0.7490617036819458,0.6423433423042297,0.6974765062332153
ISIC_0035446,212,1,0,0,1,1,0.6760716438293457,0.6760716438293457,0.6760716438293457,0.7183940410614014,0.6757656335830688,0.7197221517562866
ISIC_0030486,212,1,0,0,1,1,0.8177073001861572,0.8177073001861572,0.8177073001861572,0.8362413644790649,0.7624266147613525,0.7536299228668213
ISIC_0027328,212,1,0,0,1,0,0.8549426794052124,0.8549426794052124,0.8549426794052124,0.7569463849067688,0.8511561155319214,0.7390614748001099
ISIC_0027004,212,1,0,0,1,1,0.6872027516365051,0.6872027516365051,0.6872027516365051,0.8182912468910217,0.6691625118255615,0.7633093595504761
ISIC_0026687,212,1,0,0,1,1,0.8616651296615601,0.8616651296615601,0.8616651296615601,0.6749451756477356,0.8349024653434753,0.681465208530426
ISIC_0035089,212,1,0,0,0,1,0.6233076453208923,0.6233076453208923,0.6233076453208923,0.6233076453208923,0.663175106048584,0.663175106048584
ISIC_0034416,212,1,0,0,1,0,0.9296011328697205,0.9296011328697205,0.9296011328697205,0.9408612847328186,0.9256104826927185,0.9460342526435852
ISIC_2691267,70,0,0,0,0,0,0.07743921875953674,0.07743921875953674,0.07743921875953674,0.07743921875953674,0.19689220190048218,0.19689220190048218
ISIC_7150493,70,0,0,0,1,0,0.5509299635887146,0.5509299635887146,0.5509299635887146,0.34868866205215454,0.5316601395606995,0.4921266734600067
ISIC_1620808,70,0,0,0,0,1,0.24098797142505646,0.24098797142505646,0.24098797142505646,0.24098797142505646,0.29489192366600037,0.29489192366600037
ISIC_7056760,70,0,0,0,0,0,0.03513540327548981,0.03513540327548981,0.03513540327548981,0.03513540327548981,0.17422953248023987,0.17422953248023987
ISIC_7435292,70,0,0,0,1,1,0.2278340756893158,0.2278340756893158,0.2278340756893158,0.1538625806570053,0.3622846305370331,0.11832910776138306
ISIC_2329722,70,0,0,0,1,0,0.564872145652771,0.564872145652771,0.564872145652771,0.6210640668869019,0.5111391544342041,0.5512276887893677
ISIC_0610141,70,0,0,0,1,1,0.7474581003189087,0.7474581003189087,0.7474581003189087,0.570060133934021,0.741939127445221,0.7633463144302368
ISIC_4848012,70,0,0,1,0,0,0.4287358522415161,0.4287358522415161,0.4007992446422577,0.4287358522415161,0.5210403203964233,0.5546642541885376
ISIC_3969181,70,0,0,0,0,0,0.4385085105895996,0.4385085105895996,0.4385085105895996,0.4385085105895996,0.5812077522277832,0.5812077522277832
ISIC_2891834,70,0,0,1,1,0,0.20348845422267914,0.20348845422267914,0.17609639465808868,0.7200717926025391,0.24831900000572205,0.6305176019668579
ISIC_7069003,70,0,0,0,1,0,0.5186102986335754,0.5186102986335754,0.5186102986335754,0.6147448420524597,0.5712420344352722,0.4499070644378662
ISIC_3700351,70,0,0,1,1,1,0.10285799950361252,0.10285799950361252,0.09652110934257507,0.1481696218252182,0.1753498762845993,0.23998410999774933
ISIC_4718313,70,0,0,0,0,1,0.06661280244588852,0.06661280244588852,0.06661280244588852,0.06661280244588852,0.12509776651859283,0.12509776651859283
ISIC_3039519,70,0,0,0,0,0,0.08069735765457153,0.08069735765457153,0.08069735765457153,0.08069735765457153,0.18088123202323914,0.18088123202323914
ISIC_2041726,70,0,0,0,0,1,0.10636461526155472,0.10636461526155472,0.10636461526155472,0.10636461526155472,0.20708796381950378,0.20708796381950378
ISIC_5380914,70,0,0,1,1,1,0.44887804985046387,0.44887804985046387,0.4338635206222534,0.3943580687046051,0.5184146165847778,0.5560628175735474
ISIC_6427761,70,0,0,0,1,0,0.4633176922798157,0.4633176922798157,0.4633176922798157,0.42751604318618774,0.5911900997161865,0.6419702172279358
ISIC_4265307,70,0,0,0,1,0,0.5840850472450256,0.5840850472450256,0.5840850472450256,0.7422547936439514,0.5870755314826965,0.7612512111663818
ISIC_0413901,70,0,0,1,1,1,0.3177770972251892,0.3177770972251892,0.39488062262535095,0.1669849157333374,0.28045108914375305,0.2441861778497696
ISIC_6155981,70,0,0,0,1,0,0.0874442309141159,0.0874442309141159,0.0874442309141159,0.026716534048318863,0.1379508376121521,0.08091703802347183
ISIC_1655600,70,0,0,0,0,0,0.09193729609251022,0.09193729609251022,0.09193729609251022,0.09193729609251022,0.18808820843696594,0.18808820843696594
ISIC_7936961,70,0,0,0,0,0,0.10966990143060684,0.10966990143060684,0.10966990143060684,0.10966990143060684,0.20460061728954315,0.20460061728954315
ISIC_9110426,70,0,0,0,1,1,0.2762260138988495,0.2762260138988495,0.2762260138988495,0.2154446542263031,0.40540602803230286,0.23833991587162018
ISIC_6773319,70,0,0,0,1,0,0.17792943120002747,0.17792943120002747,0.17792943120002747,0.084062360227108,0.4359230101108551,0.2266286313533783
ISIC_9483439,70,0,0,1,0,0,0.3626018166542053,0.3626018166542053,0.3426860570907593,0.3626018166542053,0.36203533411026,0.35407620668411255
ISIC_7235862,70,0,0,0,1,0,0.14009547233581543,0.14009547233581543,0.14009547233581543,0.08001500368118286,0.30659788846969604,0.3035121560096741
ISIC_9905633,70,0,0,0,0,1,0.32892563939094543,0.32892563939094543,0.32892563939094543,0.32892563939094543,0.49980440735816956,0.49980440735816956
ISIC_1307651,70,0,0,0,1,1,0.23960375785827637,0.23960375785827637,0.23960375785827637,0.09933115541934967,0.32913878560066223,0.1825675219297409
ISIC_3362526,70,0,0,0,1,1,0.18059788644313812,0.18059788644313812,0.18059788644313812,0.1499301642179489,0.5470476150512695,0.4088367819786072
ISIC_1382198,70,0,0,0,0,1,0.271003395318985,0.271003395318985,0.271003395318985,0.271003395318985,0.518690824508667,0.518690824508667
ISIC_3756374,70,0,0,0,0,1,0.198154017329216,0.198154017329216,0.198154017329216,0.198154017329216,0.19252705574035645,0.19252705574035645
ISIC_4962984,70,0,0,0,1,1,0.29302749037742615,0.29302749037742615,0.29302749037742615,0.16196896135807037,0.44539326429367065,0.33174633979797363
ISIC_5681315,70,0,0,1,0,0,0.688079297542572,0.688079297542572,0.6501421928405762,0.688079297542572,0.8222885727882385,0.7730157971382141
ISIC_6385074,70,0,0,0,1,0,0.22910524904727936,0.22910524904727936,0.22910524904727936,0.05899558588862419,0.3017801344394684,0.10535651445388794
ISIC_0247964,70,0,0,0,1,1,0.1488809585571289,0.1488809585571289,0.1488809585571289,0.03576592355966568,0.2974933981895447,0.1143745556473732
ISIC_8302945,70,0,0,0,0,0,0.058852583169937134,0.058852583169937134,0.058852583169937134,0.058852583169937134,0.2803996503353119,0.2803996503353119
ISIC_2426893,70,0,0,1,1,0,0.39420047402381897,0.39420047402381897,0.3631647825241089,0.20734384655952454,0.5220696330070496,0.47523075342178345
ISIC_3432947,70,0,0,0,1,0,0.6408182382583618,0.6408182382583618,0.6408182382583618,0.6173464059829712,0.6265199184417725,0.6481490135192871
ISIC_7148289,70,0,0,1,1,1,0.45922428369522095,0.45922428369522095,0.5016113519668579,0.5533782243728638,0.6575398445129395,0.6644145250320435
ISIC_2784965,70,0,0,0,0,0,0.017555519938468933,0.017555519938468933,0.017555519938468933,0.017555519938468933,0.06404817849397659,0.06404817849397659
ISIC_6108555,70,0,0,0,1,0,0.2927631437778473,0.2927631437778473,0.2927631437778473,0.20762692391872406,0.46674975752830505,0.517512857913971
ISIC_8653749,70,0,0,1,1,1,0.3448913097381592,0.3448913097381592,0.3644348978996277,0.41029518842697144,0.5200949907302856,0.5456342101097107
ISIC_1313659,70,0,0,0,0,1,0.1443195641040802,0.1443195641040802,0.1443195641040802,0.1443195641040802,0.2797694504261017,0.2797694504261017
ISIC_5290109,70,0,0,0,0,1,0.62154221534729,0.62154221534729,0.62154221534729,0.62154221534729,0.6365209817886353,0.6365209817886353
ISIC_7641395,70,0,0,1,1,1,0.5258598923683167,0.5258598923683167,0.4930182993412018,0.3964463770389557,0.5556027889251709,0.38307029008865356
ISIC_1688271,70,0,0,0,1,0,0.47705143690109253,0.47705143690109253,0.47705143690109253,0.47039252519607544,0.4838177263736725,0.3966924250125885
ISIC_0679553,70,0,0,1,1,1,0.43379491567611694,0.43379491567611694,0.428852379322052,0.08941534161567688,0.4302630126476288,0.09946920722723007
ISIC_0855990,70,0,0,1,1,1,0.4233452379703522,0.4233452379703522,0.4233452379703522,0.43988972902297974,0.48645222187042236,0.4712965786457062
ISIC_8715507,70,0,0,0,1,1,0.32262641191482544,0.32262641191482544,0.32262641191482544,0.352050244808197,0.24970006942749023,0.3344920873641968
ISIC_2371033,70,0,0,0,1,1,0.27966272830963135,0.27966272830963135,0.27966272830963135,0.19296105206012726,0.3752451241016388,0.33249810338020325
ISIC_8068693,70,1,0,1,1,1,0.5448578000068665,0.5448578000068665,0.5336328148841858,0.6000781655311584,0.5238310694694519,0.5071653127670288
ISIC_7074321,70,1,0,0,1,1,0.6572734713554382,0.6572734713554382,0.6572734713554382,0.5249313712120056,0.6692904233932495,0.5817195773124695
ISIC_8789051,70,1,0,0,0,0,0.8689727187156677,0.8689727187156677,0.8689727187156677,0.8689727187156677,0.9072883725166321,0.9072883725166321
ISIC_7520843,70,1,0,1,1,0,0.45363467931747437,0.45363467931747437,0.4558231234550476,0.34216126799583435,0.35198915004730225,0.19538567960262299
ISIC_7371801,70,1,0,0,0,0,0.5488368272781372,0.5488368272781372,0.5488368272781372,0.5488368272781372,0.7379668354988098,0.7379668354988098
ISIC_8011058,70,1,0,0,1,0,0.6462745070457458,0.6462745070457458,0.6462745070457458,0.5909873843193054,0.6643241047859192,0.5389834046363831
ISIC_5191344,70,1,0,1,1,0,0.6002604961395264,0.6002604961395264,0.6002604961395264,0.5851683020591736,0.5896224975585938,0.5858693718910217
ISIC_3775417,70,1,0,1,1,1,0.4974339008331299,0.4974339008331299,0.4974339008331299,0.5336630344390869,0.529869556427002,0.5659528970718384
ISIC_5561003,70,1,0,0,1,0,0.7703115344047546,0.7703115344047546,0.7703115344047546,0.8026665449142456,0.6185489892959595,0.6887053847312927
ISIC_9910791,70,1,0,0,1,0,0.6517558693885803,0.6517558693885803,0.6517558693885803,0.5130104422569275,0.6714491844177246,0.5016452074050903
ISIC_4425322,70,1,0,0,1,1,0.6336066126823425,0.6336066126823425,0.6336066126823425,0.6550617218017578,0.7179543972015381,0.6998411417007446
ISIC_4000481,70,1,0,0,1,1,0.779655933380127,0.779655933380127,0.779655933380127,0.7063232660293579,0.8105708360671997,0.712434709072113
ISIC_7372719,70,1,0,0,1,0,0.7471373081207275,0.7471373081207275,0.7471373081207275,0.655631959438324,0.7530661821365356,0.6599189043045044
ISIC_6927840,70,1,0,0,1,1,0.6246844530105591,0.6246844530105591,0.6246844530105591,0.5353714227676392,0.665716826915741,0.5749240517616272
ISIC_1870415,70,1,0,1,1,1,0.25679081678390503,0.25679081678390503,0.24655233323574066,0.20407117903232574,0.2630550265312195,0.18916405737400055
ISIC_0624498,70,1,0,0,1,0,0.6099920272827148,0.6099920272827148,0.6099920272827148,0.648848295211792,0.550250768661499,0.5462893843650818
ISIC_6971606,70,1,0,0,0,0,0.513843834400177,0.513843834400177,0.513843834400177,0.513843834400177,0.4955357611179352,0.4955357611179352
ISIC_2720971,70,1,0,0,1,0,0.24522265791893005,0.24522265791893005,0.24522265791893005,0.2268928438425064,0.6482990384101868,0.5624780058860779
ISIC_2342769,70,1,0,1,1,0,0.6181060075759888,0.6181060075759888,0.6304316520690918,0.6647920608520508,0.6415796875953674,0.5737952589988708
ISIC_3025889,70,1,0,1,1,0,0.6825414299964905,0.6825414299964905,0.6783748865127563,0.6354519724845886,0.7098315954208374,0.6576722264289856
ISIC_8621568,70,1,0,0,1,0,0.1479092836380005,0.1479092836380005,0.1479092836380005,0.17447572946548462,0.5260875225067139,0.5018727779388428
ISIC_4230049,70,1,0,0,1,0,0.5801796317100525,0.5801796317100525,0.5801796317100525,0.676150381565094,0.5844910144805908,0.6366485953330994
ISIC_5673518,70,1,0,0,1,0,0.4211306869983673,0.4211306869983673,0.4211306869983673,0.37033411860466003,0.6295279860496521,0.5150701403617859
ISIC_7914631,70,1,0,0,1,1,0.42582085728645325,0.42582085728645325,0.42582085728645325,0.3568160831928253,0.5600811243057251,0.459450364112854
ISIC_7295035,70,1,0,1,1,0,0.48516905307769775,0.48516905307769775,0.48516905307769775,0.35057079792022705,0.47745877504348755,0.4485447108745575
ISIC_5797062,70,1,0,0,1,0,0.6555759310722351,0.6555759310722351,0.6555759310722351,0.5355620980262756,0.6489676833152771,0.4961274266242981
ISIC_2182856,70,1,0,1,1,1,0.598284125328064,0.598284125328064,0.5988949537277222,0.5660532712936401,0.6468883752822876,0.6405750513076782
ISIC_2311665,70,1,0,1,1,1,0.6330457329750061,0.6330457329750061,0.6445861458778381,0.5962682962417603,0.7668004035949707,0.662335216999054
ISIC_0275828,70,1,0,0,1,1,0.5647382140159607,0.5647382140159607,0.5647382140159607,0.7183282971382141,0.6251326203346252,0.751743495464325
ISIC_9685931,70,1,0,0,0,0,0.3887307643890381,0.3887307643890381,0.3887307643890381,0.3887307643890381,0.5332585573196411,0.5332585573196411
ISIC_7466678,70,1,0,0,1,0,0.6746735572814941,0.6746735572814941,0.6746735572814941,0.7424383759498596,0.7052527666091919,0.765947163105011
ISIC_0952472,70,1,0,0,1,1,0.6785386800765991,0.6785386800765991,0.6785386800765991,0.589690089225769,0.7497596144676208,0.6643854975700378
ISIC_1330008,70,1,0,0,1,0,0.2722286283969879,0.2722286283969879,0.2722286283969879,0.13931232690811157,0.4546874463558197,0.4033975303173065
ISIC_6713432,70,1,0,0,0,0,0.3473859429359436,0.3473859429359436,0.3473859429359436,0.3473859429359436,0.7154879570007324,0.7154879570007324
ISIC_8450656,70,1,0,0,1,0,0.5134803652763367,0.5134803652763367,0.5134803652763367,0.611793041229248,0.5280619859695435,0.5665010213851929
ISIC_9754098,70,1,0,0,1,1,0.5377235412597656,0.5377235412597656,0.5377235412597656,0.6179379820823669,0.6774996519088745,0.5993573665618896
ISIC_8281208,70,1,0,1,1,0,0.647504448890686,0.647504448890686,0.6528940200805664,0.5957744121551514,0.6069933772087097,0.4867211580276489
ISIC_6392461,70,1,0,0,1,0,0.4648890197277069,0.4648890197277069,0.4648890197277069,0.4950889050960541,0.4387513995170593,0.40158677101135254
ISIC_0273046,70,1,0,0,1,0,0.4020859897136688,0.4020859897136688,0.4020859897136688,0.31754162907600403,0.6341041326522827,0.5437321066856384
ISIC_9053910,70,1,0,0,1,1,0.783654510974884,0.783654510974884,0.783654510974884,0.6449500918388367,0.805199146270752,0.6390118598937988
ISIC_6688417,70,1,0,0,0,0,0.5602160096168518,0.5602160096168518,0.5602160096168518,0.5602160096168518,0.5729638934135437,0.5729638934135437
ISIC_7546219,70,1,0,0,1,1,0.707514762878418,0.707514762878418,0.707514762878418,0.6973096132278442,0.7306368350982666,0.7412136197090149
ISIC_4938994,70,1,0,0,1,0,0.5152575373649597,0.5152575373649597,0.5152575373649597,0.6201140880584717,0.3778863549232483,0.5745159387588501
ISIC_5576354,70,1,0,0,1,0,0.6117551922798157,0.6117551922798157,0.6117551922798157,0.4326733648777008,0.7468600869178772,0.6707120537757874
ISIC_3097354,70,1,0,0,1,1,0.643179178237915,0.643179178237915,0.643179178237915,0.8061119914054871,0.620546817779541,0.7647305727005005
ISIC_2979268,70,1,0,0,1,1,0.5507891774177551,0.5507891774177551,0.5507891774177551,0.22590115666389465,0.4588160514831543,0.2347351461648941
ISIC_6784593,70,1,0,0,1,0,0.4568217098712921,0.4568217098712921,0.4568217098712921,0.5400838851928711,0.47263363003730774,0.5062085390090942
ISIC_1375476,70,1,0,0,1,1,0.5770621299743652,0.5770621299743652,0.5770621299743652,0.725789487361908,0.5610426068305969,0.6928767561912537
ISIC_4377208,70,1,0,0,0,0,0.4673912823200226,0.4673912823200226,0.4673912823200226,0.4673912823200226,0.3825305700302124,0.3825305700302124
ISIC_1729223,70,1,0,0,1,0,0.627348780632019,0.627348780632019,0.627348780632019,0.5228884816169739,0.6729481816291809,0.5621408224105835
ISIC_0062783,249,0,0,1,0,1,0.5541455745697021,0.5541455745697021,0.5778147578239441,0.5541455745697021,0.4851081073284149,0.5008718967437744
ISIC_0057443,249,0,0,0,1,1,0.5797277092933655,0.5797277092933655,0.5797277092933655,0.5990011096000671,0.5395184755325317,0.5305302143096924
ISIC_0064896,249,0,0,0,0,1,0.6840026378631592,0.6840026378631592,0.6840026378631592,0.6840026378631592,0.6538114547729492,0.6538114547729492
ISIC_0064012,249,0,0,0,0,0,0.5864449143409729,0.5864449143409729,0.5864449143409729,0.5864449143409729,0.5885474681854248,0.5885474681854248
ISIC_0056869,249,0,1,0,1,1,0.5578172206878662,0.5431920886039734,0.5578172206878662,0.6237217783927917,0.5235123634338379,0.5094751119613647
ISIC_0063186,249,0,0,0,1,1,0.6106580495834351,0.6106580495834351,0.6106580495834351,0.6123760938644409,0.5954944491386414,0.5902294516563416
ISIC_0070884,249,0,1,0,1,1,0.6340022683143616,0.6273266077041626,0.6340022683143616,0.6564924716949463,0.5056914687156677,0.6691316962242126
ISIC_0063841,249,0,0,0,1,1,0.39309707283973694,0.39309707283973694,0.39309707283973694,0.40357041358947754,0.4364587366580963,0.4647238850593567
ISIC_0064577,249,0,1,0,0,1,0.7162108421325684,0.7107042074203491,0.7162108421325684,0.7162108421325684,0.5147600769996643,0.577694296836853
ISIC_0067760,249,0,0,0,1,1,0.60634845495224,0.60634845495224,0.60634845495224,0.6515985727310181,0.6210094094276428,0.6493682861328125
ISIC_0059710,249,0,0,0,1,0,0.7796154618263245,0.7796154618263245,0.7796154618263245,0.7527087926864624,0.7931240200996399,0.746084988117218
ISIC_0056135,249,0,0,0,1,1,0.659679651260376,0.659679651260376,0.659679651260376,0.7193232178688049,0.6315175294876099,0.65283203125
ISIC_0064708,249,0,0,0,1,1,0.6691867709159851,0.6691867709159851,0.6691867709159851,0.6835823655128479,0.6780577898025513,0.704689085483551
ISIC_0053466,249,0,0,0,1,0,0.5955537557601929,0.5955537557601929,0.5955537557601929,0.6791691184043884,0.5661451816558838,0.6188352704048157
ISIC_0061537,249,0,0,0,0,1,0.8661227226257324,0.8661227226257324,0.8661227226257324,0.8661227226257324,0.6900417804718018,0.6900417804718018
ISIC_0061635,249,0,1,0,1,0,0.7780945897102356,0.7473886609077454,0.7780945897102356,0.8687658309936523,0.6437807679176331,0.3169407248497009
ISIC_0070202,249,0,0,0,1,1,0.6536484360694885,0.6536484360694885,0.6536484360694885,0.607298731803894,0.6395804286003113,0.5538856387138367
ISIC_0060584,249,0,0,0,0,0,0.779991865158081,0.779991865158081,0.779991865158081,0.779991865158081,0.7577189803123474,0.7577189803123474
ISIC_0066235,249,0,0,0,1,0,0.6740294098854065,0.6740294098854065,0.6740294098854065,0.6461009979248047,0.6725832223892212,0.6403215527534485
ISIC_0065575,249,0,1,0,0,1,0.6466672420501709,0.6399831771850586,0.6466672420501709,0.6466672420501709,0.5871420502662659,0.6928507089614868
ISIC_0072949,249,0,0,0,1,1,0.7333654761314392,0.7333654761314392,0.7333654761314392,0.6919962167739868,0.6658107042312622,0.6362790465354919
ISIC_0062044,249,0,0,0,1,0,0.8271149396896362,0.8271149396896362,0.8271149396896362,0.8393036127090454,0.8006348609924316,0.7951035499572754
ISIC_0058141,249,0,0,1,1,1,0.6881363987922668,0.6881363987922668,0.6847209930419922,0.6867244243621826,0.6754215955734253,0.6594371795654297
ISIC_0072960,249,0,0,0,1,0,0.627293586730957,0.627293586730957,0.627293586730957,0.6055291891098022,0.6757882237434387,0.6352725625038147
ISIC_0061924,249,0,0,0,1,0,0.6822314262390137,0.6822314262390137,0.6822314262390137,0.6398952603340149,0.6913248300552368,0.6520724892616272
ISIC_0070208,249,0,0,0,1,1,0.6915215253829956,0.6915215253829956,0.6915215253829956,0.6540462970733643,0.6659484505653381,0.6413536667823792
ISIC_0059603,249,0,1,0,0,1,0.5895663499832153,0.593797504901886,0.5895663499832153,0.5895663499832153,0.47277161478996277,0.6020630598068237
ISIC_0054812,249,0,0,0,1,0,0.8356282711029053,0.8356282711029053,0.8356282711029053,0.779518187046051,0.8553429245948792,0.8057416081428528
ISIC_0055283,249,0,0,0,1,1,0.6634350419044495,0.6634350419044495,0.6634350419044495,0.6955875754356384,0.6291595101356506,0.6707908511161804
ISIC_0058233,249,0,1,0,0,1,0.6246424317359924,0.6283970475196838,0.6246424317359924,0.6246424317359924,0.5924661159515381,0.6401665806770325
ISIC_0072170,249,0,0,0,0,1,0.6076242923736572,0.6076242923736572,0.6076242923736572,0.6076242923736572,0.5503372550010681,0.5503372550010681
ISIC_0065383,249,0,0,0,1,0,0.6214168667793274,0.6214168667793274,0.6214168667793274,0.6637971997261047,0.6557131409645081,0.6547105312347412
ISIC_0073006,249,0,0,0,1,1,0.5764830708503723,0.5764830708503723,0.5764830708503723,0.49678316712379456,0.5741597414016724,0.5551893711090088
ISIC_0065762,249,0,1,0,1,1,0.7613896727561951,0.7256397008895874,0.7613896727561951,0.8193512558937073,0.5672582387924194,0.7777342200279236
ISIC_0071356,249,0,0,0,1,1,0.6955333352088928,0.6955333352088928,0.6955333352088928,0.6750832796096802,0.6739588379859924,0.6374701261520386
ISIC_0073031,249,0,0,0,0,1,0.6475619673728943,0.6475619673728943,0.6475619673728943,0.6475619673728943,0.5923023223876953,0.5923023223876953
ISIC_0068344,249,0,0,0,1,1,0.5485899448394775,0.5485899448394775,0.5485899448394775,0.5812320709228516,0.49914494156837463,0.5302672386169434
ISIC_0071171,249,0,0,0,1,0,0.571699321269989,0.571699321269989,0.571699321269989,0.5680123567581177,0.5724940896034241,0.5152559876441956
ISIC_0067408,249,0,1,0,0,1,0.8349973559379578,0.8367237448692322,0.8349973559379578,0.8349973559379578,0.7365643978118896,0.8081234097480774
ISIC_0058846,249,0,0,1,1,1,0.6484083533287048,0.6484083533287048,0.645518958568573,0.609308123588562,0.6801555752754211,0.6193056702613831
ISIC_0073150,249,0,0,0,1,1,0.6407793760299683,0.6407793760299683,0.6407793760299683,0.6477994918823242,0.666830837726593,0.6620771288871765
ISIC_0071919,249,0,0,0,0,1,0.7466261982917786,0.7466261982917786,0.7466261982917786,0.7466261982917786,0.7324996590614319,0.7324996590614319
ISIC_0069019,249,0,0,0,1,1,0.6516849994659424,0.6516849994659424,0.6516849994659424,0.635942280292511,0.6986651420593262,0.682218074798584
ISIC_0073080,249,0,0,0,1,1,0.5848291516304016,0.5848291516304016,0.5848291516304016,0.6429963707923889,0.5589736104011536,0.6282191276550293
ISIC_0060632,249,0,0,0,0,0,0.6138995289802551,0.6138995289802551,0.6138995289802551,0.6138995289802551,0.6343435049057007,0.6343435049057007
ISIC_0066383,249,0,0,0,1,1,0.7035046815872192,0.7035046815872192,0.7035046815872192,0.7159983515739441,0.7478580474853516,0.7497471570968628
ISIC_0065274,249,0,0,0,0,1,0.773202121257782,0.773202121257782,0.773202121257782,0.773202121257782,0.7108175158500671,0.7108175158500671
ISIC_0053998,249,0,0,0,1,0,0.5574553608894348,0.5574553608894348,0.5574553608894348,0.5638662576675415,0.5488361120223999,0.5542144179344177
ISIC_0053647,249,0,0,0,0,1,0.6603972315788269,0.6603972315788269,0.6603972315788269,0.6603972315788269,0.635711669921875,0.635711669921875
ISIC_0065503,249,0,0,0,0,1,0.7255023717880249,0.7255023717880249,0.7255023717880249,0.7255023717880249,0.7178534865379333,0.7178534865379333
ISIC_0056571,249,1,0,0,0,1,0.7298213243484497,0.7298213243484497,0.7298213243484497,0.7298213243484497,0.747302234172821,0.747302234172821
ISIC_0068909,249,1,0,0,1,0,0.9013729095458984,0.9013729095458984,0.9013729095458984,0.9210581183433533,0.9218624234199524,0.909048318862915
ISIC_0057242,249,1,0,0,1,1,0.7387708425521851,0.7387708425521851,0.7387708425521851,0.7251232862472534,0.6767153143882751,0.6826732158660889
ISIC_0061185,249,1,0,0,0,0,0.6637639999389648,0.6637639999389648,0.6637639999389648,0.6637639999389648,0.6596719622612,0.6596719622612
ISIC_0068276,249,1,0,0,0,0,0.678145170211792,0.678145170211792,0.678145170211792,0.678145170211792,0.6842653751373291,0.6842653751373291
ISIC_0072111,249,1,0,0,1,1,0.7309685349464417,0.7309685349464417,0.7309685349464417,0.7079996466636658,0.7450839281082153,0.6995728015899658
ISIC_0065648,249,1,0,1,1,1,0.7881730198860168,0.7881730198860168,0.7815306186676025,0.7372622489929199,0.7464432120323181,0.7153984904289246
ISIC_0054244,249,1,0,0,1,1,0.6128045320510864,0.6128045320510864,0.6128045320510864,0.6067257523536682,0.5727390050888062,0.5629598498344421
ISIC_0071589,249,1,0,0,1,0,0.8109381198883057,0.8109381198883057,0.8109381198883057,0.6972289681434631,0.7898312211036682,0.7002795934677124
ISIC_0068347,249,1,0,0,1,0,0.7298848628997803,0.7298848628997803,0.7298848628997803,0.7790927886962891,0.7176851034164429,0.7508491277694702
ISIC_0062206,249,1,1,0,1,1,0.8201655149459839,0.8074563145637512,0.8201655149459839,0.8782652020454407,0.6271253228187561,0.7062355279922485
ISIC_0058651,249,1,0,0,0,1,0.7336968183517456,0.7336968183517456,0.7336968183517456,0.7336968183517456,0.7477372884750366,0.7477372884750366
ISIC_0063354,249,1,0,0,1,1,0.8106001019477844,0.8106001019477844,0.8106001019477844,0.892952561378479,0.7742648720741272,0.8606484532356262
ISIC_0058398,249,1,0,0,0,1,0.893263041973114,0.893263041973114,0.893263041973114,0.893263041973114,0.8709548115730286,0.8709548115730286
ISIC_0054721,249,1,0,0,1,1,0.7212719917297363,0.7212719917297363,0.7212719917297363,0.6868142485618591,0.7445453405380249,0.6453123092651367
ISIC_0054993,249,1,0,0,0,0,0.9415695667266846,0.9415695667266846,0.9415695667266846,0.9415695667266846,0.8351707458496094,0.8351707458496094
ISIC_0059581,249,1,0,0,1,0,0.8068370223045349,0.8068370223045349,0.8068370223045349,0.81882244348526,0.8451746106147766,0.861330509185791
ISIC_0057542,249,1,0,0,0,1,0.8513190746307373,0.8513190746307373,0.8513190746307373,0.8513190746307373,0.786453127861023,0.786453127861023
ISIC_0060266,249,1,0,0,1,1,0.8199678659439087,0.8199678659439087,0.8199678659439087,0.8641887903213501,0.8043505549430847,0.8456534147262573
ISIC_0068524,249,1,1,0,1,1,0.8777345418930054,0.8790106773376465,0.8777345418930054,0.8528570532798767,0.7019966244697571,0.6160097718238831
ISIC_0070152,249,1,0,0,1,1,0.8814478516578674,0.8814478516578674,0.8814478516578674,0.9004388451576233,0.7626027464866638,0.829278826713562
ISIC_0070237,249,1,0,0,1,0,0.6534394025802612,0.6534394025802612,0.6534394025802612,0.6818736791610718,0.719301164150238,0.706590473651886
ISIC_0065923,249,1,0,0,1,0,0.7927730679512024,0.7927730679512024,0.7927730679512024,0.7895448803901672,0.8103431463241577,0.809343695640564
ISIC_0053939,249,1,1,0,1,0,0.9218131899833679,0.9341961741447449,0.9218131899833679,0.8919722437858582,0.8864474296569824,0.8981394171714783
ISIC_0064625,249,1,0,0,1,1,0.8802661299705505,0.8802661299705505,0.8802661299705505,0.9382657408714294,0.8626689910888672,0.9058883190155029
ISIC_0068731,249,1,0,0,0,0,0.8299612998962402,0.8299612998962402,0.8299612998962402,0.8299612998962402,0.7978910803794861,0.7978910803794861
ISIC_0063660,249,1,0,0,0,1,0.7107095718383789,0.7107095718383789,0.7107095718383789,0.7107095718383789,0.7327333092689514,0.7327333092689514
ISIC_0073246,249,1,0,0,0,0,0.9149693250656128,0.9149693250656128,0.9149693250656128,0.9149693250656128,0.8862639665603638,0.8862639665603638
ISIC_0068231,249,1,0,0,1,1,0.813023030757904,0.813023030757904,0.813023030757904,0.7987527251243591,0.8099325299263,0.7733625769615173
ISIC_0071147,249,1,0,0,0,1,0.8634201884269714,0.8634201884269714,0.8634201884269714,0.8634201884269714,0.9095528721809387,0.9095528721809387
ISIC_0068963,249,1,0,0,0,0,0.6456078290939331,0.6456078290939331,0.6456078290939331,0.6456078290939331,0.6985494494438171,0.6985494494438171
ISIC_0055465,249,1,1,0,1,0,0.8523021936416626,0.8135004639625549,0.8523021936416626,0.7945071458816528,0.846037745475769,0.7092464566230774
ISIC_0066940,249,1,0,0,1,0,0.9066879749298096,0.9066879749298096,0.9066879749298096,0.8540048003196716,0.9211891293525696,0.827679455280304
ISIC_0053719,249,1,1,0,1,0,0.7770602703094482,0.7812323570251465,0.7770602703094482,0.8461883664131165,0.651235818862915,0.6712622046470642
ISIC_0054353,249,1,0,0,1,0,0.9537853598594666,0.9537853598594666,0.9537853598594666,0.9614158272743225,0.8561939597129822,0.8699092268943787
ISIC_0059160,249,1,0,0,1,1,0.7876397967338562,0.7876397967338562,0.7876397967338562,0.7937393188476562,0.7889788746833801,0.7840308547019958
ISIC_0071035,249,1,0,0,0,1,0.5793485045433044,0.5793485045433044,0.5793485045433044,0.5793485045433044,0.603602945804596,0.603602945804596
ISIC_0067335,249,1,1,0,1,0,0.8612131476402283,0.8398842215538025,0.8612131476402283,0.8263832330703735,0.6627432703971863,0.6233857870101929
ISIC_0059785,249,1,1,0,0,1,0.7455087900161743,0.7346839308738708,0.7455087900161743,0.7455087900161743,0.6732671856880188,0.5942518711090088
ISIC_0062762,249,1,0,0,1,0,0.7523425817489624,0.7523425817489624,0.7523425817489624,0.7693056464195251,0.7567242383956909,0.7532981634140015
ISIC_0072104,249,1,0,0,1,1,0.8806378245353699,0.8806378245353699,0.8806378245353699,0.9209988713264465,0.8072097897529602,0.8923159837722778
ISIC_0061279,249,1,1,0,1,0,0.8810989856719971,0.8734976649284363,0.8810989856719971,0.8266729712486267,0.6282411813735962,0.5821466445922852
ISIC_0054563,249,1,0,0,0,1,0.754290759563446,0.754290759563446,0.754290759563446,0.754290759563446,0.7165178060531616,0.7165178060531616
ISIC_0059724,249,1,0,0,1,1,0.7597672343254089,0.7597672343254089,0.7597672343254089,0.6772591471672058,0.6823015213012695,0.6279400587081909
ISIC_0054970,249,1,1,0,1,0,0.8883799910545349,0.880364716053009,0.8883799910545349,0.8108391165733337,0.5558973550796509,0.7069219946861267
ISIC_0056972,249,1,0,0,1,0,0.7566628456115723,0.7566628456115723,0.7566628456115723,0.6865113973617554,0.8144527673721313,0.7148252129554749
ISIC_0072292,249,1,1,0,1,1,0.7194033265113831,0.7241529822349548,0.7194033265113831,0.843052089214325,0.5227311253547668,0.8235267400741577
ISIC_0063819,249,1,0,0,1,1,0.8156509399414062,0.8156509399414062,0.8156509399414062,0.8472016453742981,0.7513574957847595,0.7633561491966248
ISIC_0072382,249,1,0,1,1,1,0.8330925703048706,0.8330925703048706,0.833666980266571,0.9086912870407104,0.8167852759361267,0.8711555600166321
ISIC_0066761,249,1,1,1,1,1,0.749885618686676,0.7551867961883545,0.7599172592163086,0.7175129652023315,0.669249415397644,0.7266011238098145
